회사명,종목코드,주요제품,홈페이지,sector,theme,계열사
SK바이오사이언스,302440,백신 제품 및 제제,http://www.skbioscience.co.kr,제약,코로나19(진단/치료제/백신 개발 등),SK
화승알앤에이,378850,자동차용 고무제품,http://www.hsrna.com,자동차부품,자동차부품,
프레스티지바이오파마,950210,바이오시밀러 및 항체의약품 신약,http://www.prestigebiopharma.com,제약,바이오시밀러(복제 바이오의약품),
솔루엠,248070,"POWER, 3in1 Board, ESL 등",http://www.solu-m.com,전자장비와기기,2021 상반기 신규상장,
DL이앤씨,375500,토목 건설 사업,,건설,건설 대표주,대림
ESR켄달스퀘어리츠,365550,부동산투자,http://www.esrks-reit.com,부동산,쿠팡 관련주,
명신산업,9900,자동차차체부품,http://www.myoungshinindustry.com,자동차부품,자동차부품,
에이플러스에셋,244920,보험대리 및 중개업,,손해보험,2020 하반기 신규상장,
교촌에프앤비,339770,치킨 프랜차이즈,http://kyochonfnb.com,식품,2020 하반기 신규상장,
하이브,352820,"음악 기획/제작, 퍼블리싱, 아티스트 매니지먼트",http://www.bighitcorp.com,방송과엔터테인먼트,엔터테인먼트,
티와이홀딩스,363280,지주사업,http://www.ty-holdings.co.kr,건설,지주사,태영
코람코에너지리츠,357120,부동산 투자 및 관리,http://www.koramcoenergyplus.co.kr,부동산,2020 하반기 신규상장,
제이알글로벌리츠,348950,벨기에 파이낸스 타워,http://jrglobalreit.com,부동산,2020 하반기 신규상장,
미래에셋맵스리츠,357250,부동산 임대업,http://www.maps1reit.miraeasset.com,부동산,2020 하반기 신규상장,
이지스레지던스리츠,350520,"부동산투자, 취득, 매매, 임대",http://igisresidencereit.com/,부동산,2020 하반기 신규상장,
이지스밸류플러스리츠,334890,"부동산투자, 취득, 매매, 임대",http://www.igisvaluereit.com,,,
에스케이바이오팜,326030,신경질환 및 정신질환을 포함한 중추신경 관련 신약 개발,,,,
대덕전자,353200,"PCB(Printed Circuit Board, 인쇄회로기판)의 제조 및 판매",http://www.daeduck.com,전자장비와기기,PCB(FPCB 등),
케이씨씨글라스,344820,판유리 등,http://www.kccglass.co.kr,건축자재,리모델링/인테리어,케이씨씨
NH프라임리츠,338100,부동산 투자,http://www.nhreits.com,부동산,2019 하반기 신규상장,농협
센트랄모텍,308170,"이너레이스, 오디 클러치보스, 로터샤프트, 슬리브기어, 컨트롤 암, 엑슬",http://www.centralmotek.co.kr,자동차부품,자동차부품,
현대에너지솔루션,322000,"태양광 셀·모듈, PV시스템, ESS",http://www.hyundai-es.co.kr/,에너지장비및서비스,태양광에너지,현대중공업
한화시스템,272210,"정밀기기(육해공군관련전자제어시스템,열영상감시장비,탐지추적장치,전투지휘체계시스템) 제조",http://hanwhasystems.com,우주항공과국방,2019 하반기 신규상장,한화
자이에스앤디,317400,"부동산 관리, 정보통신 공사, 아파트 AS 및 옵션 제품 공급, 건축물 시공 및 분양",http://www.xisnd.com/,건설,스마트홈(홈네트워크),GS
롯데리츠,330590,부동산투자,http://www.lottereit.co.kr/,부동산,2019 하반기 신규상장,롯데
지누스,13890,매트리스 및 가구제품,http://www.zinus.co.kr,가구,2019 하반기 신규상장,
두산퓨얼셀,336260,연료전지,http://www.doosanfuelcell.com,전기제품,수소차(연료전지/부품/충전소 등),두산
솔루스첨단소재,336370,"동박, 유압기기 등",http://www.solusadvancedmaterials.com,전자장비와기기,K-뉴딜지수,두산
제이콘텐트리,36420,"영화 및 방송프로그램 제작, 유통, 광고",http://www.jcontentree.com/,방송과엔터테인먼트,엔터테인먼트,
포스코케미칼,3670,"내화물, 생석회, 음극재 및 양극재",http://www.poscochemical.com/,화학,K-뉴딜지수,포스코
현대오토에버,307950,"전산실운영, 시스템구축, 전산장비 납품, SOC/건축 사업",http://www.hyundai-autoever.com,IT서비스,SI(시스템통합),현대자동차
드림텍,192650,"모바일 PBA, 지문인식 모듈, 전장 LED 모듈 등",http://www.idreamtech.co.kr,핸드셋,코로나19(진단키트),
더블유게임즈,192080,온라인 게임,,게임엔터테인먼트,K-뉴딜지수(게임),
우리금융지주,316140,금융지주,http://www.woorifg.com/,은행,지주사,
에어부산,298690,항공 여객 및 화물 운송,http://www.airbusan.com,항공사,항공/저가 항공사(LCC),금호아시아나
아시아나IDT,267850,"IT 서비스, IT 솔루션",http://www.asianaidt.com,IT서비스,SI(시스템통합),금호아시아나
세아제강,306200,강관,http://www.seahsteel.co.kr,철강,철강 주요종목,세아
하나제약,293480,완제의약품,http://www.hanaph.co.kr,제약,제약업체,
우진아이엔에스,10400,반도체/디스플레이 코팅덕트,http://www.woojini.com,건설,,
신한알파리츠,293940,비거주 부동산 임대 서비스업,http://www.shalphareit.com,부동산,리츠(REITs),
한일시멘트,300720,"시멘트, 레미콘, 레미탈",http://www.hanilcement.com,건축자재,시멘트/레미콘,
티웨이항공,91810,저가 항공운송,http://www.twayair.com,항공사,항공/저가 항공사(LCC),
롯데정보통신,286940,"SM, SI",http://www.ldcc.co.kr,IT서비스,블록체인,롯데
효성중공업,298040,-,http://www.hyosungheavyindustries.com,전기장비,원자력발전,효성
효성첨단소재,298050,PET타이어코드,http://www.hyosungadvancedmaterials.com,화학,수소차(연료전지/부품/충전소 등),효성
효성티앤씨,298020,"섬유, 산업자재, 화학, 중공업, 건설, 무역,금융 등",http://www.hyosungtnc.com,"섬유,의류,신발,호화품",종합상사,효성
효성화학,298000,-,http://www.hyosungchemical.com,화학,석유화학,효성
이리츠코크렙,88260,부동산투자회사,,부동산,리츠(REITs),이랜드
HDC현대산업개발,294870,"외주주택, 자체공사, 일반건축, 토목 등",http://www.hdc-dvp.com,건설,건설 대표주,HDC
애경산업,18250,"Age 20's,루나, 트리오, 2080치약, 순샘, 제트 등",http://www.aekyung.co.kr,화장품,마스크,애경
셀트리온,68270,"램시마, 트룩시마, 허쥬마",http://www.celltrion.com,제약,코로나19(진단/치료제/백신 개발 등),셀트리온
쿠쿠홈시스,284740,"정수기, 공기청정기 등","http://www,cuckoo.co.kr",가정용기기와용품,제습기,
SK케미칼,285130,"PETG 수지, PET 수지, 바이오디젤, 백신",http://www.skchemicals.com,화학,"백신/진단시약/방역(신종플루, AI 등)",SK
BGF리테일,282330,체인화 편의점,http://www.bgfretail.com,백화점과일반상점,편의점,
동양피스톤,92780,자동차엔진용 피스톤,,자동차부품,수소차(연료전지/부품/충전소 등),
진에어,272450,"여객, 화물 등 항공운송",http://www.jinair.com,항공사,항공/저가 항공사(LCC),한진
케이씨텍,281820,"반도체, 디스플레이 제조 장비",http://www.kctech.co.kr,반도체와반도체장비,LCD장비,
동아타이어,282690,타이어 및 튜브,http://www.dongahtire.co.kr,자동차부품,타이어,
삼양패키징,272550,PET 용기 및 아셉틱 OEM,http://www.samyangpackaging.co.kr/,포장재,,삼양
테이팩스,55490,"OCA, 2차전지용 테이프, 산업용 랩 등",http://tapex.co.kr,화학,폴더블폰,
롯데제과,280360,"껌,캔디,초코,비스켓,빙과",http://www.lotteconf.co.kr/,식품,여름,롯데
제일약품,271980,의약품,http://www.jeilpharm.co.kr,제약,코로나19(화이자),
카카오,35720,인터넷 서비스(인터넷 광고),http://www.kakaocorp.com,양방향미디어와서비스,인터넷 대표주,카카오
오리온,271560,스낵 등 과자류,http://www.orionworld.com,식품,환율하락 수혜,
미원에스씨,268280,에너지경화수지,http://www.miramer.co.kr,화학,,
경동도시가스,267290,도시가스,http://www.kdgas.co.kr,가스유틸리티,겨울,
넷마블,251270,온라인·모바일 게임 소프트웨어 개발 및 공급,http://company.netmarble.com,게임엔터테인먼트,K-뉴딜지수(게임),넷마블
현대건설기계,267270,"굴삭기, 지게차, 휠로더 등",http://www.hyundai-ce.com,기계,건설기계,현대중공업
현대일렉트릭,267260,"변압기, 고압차단기, 회전기, 배전반 등",http://www.hyundai-elec.com,전기장비,전력설비,현대중공업
현대중공업지주,267250,"산업용 로봇, 클린용 로봇, 조선 기자재 등",http://www.hyundai-holdings.co.kr,석유와가스,지주사,현대중공업
크라운제과,264900,"비스킷, 스낵, 당과",http://www.crown.co.kr,식품,日제품 불매운동(수혜),
덴티움,145720,치과용 기기 제조업,http://www.dentium.co.kr,건강관리장비와용품,치아 치료(임플란트 등),
호전실업,111110,스포츠웨어 및 아웃도어 웨어 OEM,http://www.hojeon.com,"섬유,의류,신발,호화품",패션/의류,
핸즈코퍼레이션,143210,자동차 알루미늄 휠,http://www.handscorp.co.kr,자동차부품,자동차부품,
두산밥캣,241560,"Compact Equipment, Heavy Equipment, Portable Power",http://www.doosanbobcat.com,기계,건설기계,두산
삼성바이오로직스,207940,바이오의약품,http://www.samsungbiologics.com,제약,K-뉴딜지수,삼성
JW생명과학,234080,"기초수액, TPN, 특수수액, HEMO, 영양수액 등",http://www.jw-lifescience.co.kr,제약,제약업체,
화승엔터프라이즈,241590,,http://www.hsenterprise.co.kr,"섬유,의류,신발,호화품",패션/의류,
LS전선아시아,229640,,http://www.lscnsasia.co.kr,전기장비,지주사,LS
모두투어리츠,204210,"호텔 부동산 취득, 관리, 개량 및 처분",http://www.modetourreit.com,부동산,리츠(REITs),
일동제약,249420,"아로나민, 후루마린, 큐란, 라비에트, 사미온 등",http://www.ildong.com,제약,마스크,
샘표식품,248170,간장,http://www.sempio.com,식품,음식료업종,
두올,16740,시트 커버 및 시트 원단,http://www.idual.co.kr,자동차부품,자동차부품,
동서,26960,"식품 유통, 다류 및 연포장재 제조 등",http://www.dongsuh.com,식품,음식료업종,
한국자산신탁,123890,"부동산 신탁 서비스, REITs",http://www.kait.com,부동산,,
한국토지신탁,34830,부동산신탁 등,http://www.koreit.co.kr,부동산,,
해성디에스,195870,반도체 패키지용 Substrate,http://www.haesungds.com,반도체와반도체장비,반도체 재료/부품,
용평리조트,70960,"리조트 운영, 콘도 분양",http://www.yongpyong.co.kr,"호텔,레스토랑,레저",DMZ 평화공원,
해태제과식품,101530,"홈런볼, 오예스, 맛동산, 부라보콘 등",http://www.ht.co.kr,식품,日제품 불매운동(수혜),
삼일씨엔에스,4440,"PHC파일, 골재, 강교제작",http://www.daelimcns.co.kr,건축자재,철도,대림
제이에스코퍼레이션,194370,핸드백 및 지갑,http://www.jskor.com,"섬유,의류,신발,호화품",패션/의류,
잇츠한불,226320,"스킨케어 베이직, 포인트 메이크업, 스킨케어 스페셜, 베이스 메이크업 등",http://www.itshanbul.com,화장품,화장품,
세진중공업,75580,"선박 Deck House, LPG Tank, Upper Deck Unit, 해양플랜트 Living Quarter",http://www.sejinheavy.com,조선,풍력에너지,
금호에이치티,214330,자동차용 전구 및 LED모듈,http://www.kumhoht.co.kr,자동차부품,LED,
제주항공,89590,"여객운송서비스, 화물운송서비스",http://www.jejuair.net,항공사,항공/저가 항공사(LCC),애경
현대코퍼레이션홀딩스,227840,"브랜드사업, 육류유통",http://www.hyundaicorpholdings.com,식품과기본식료품소매,,현대중공업
LIG넥스원,79550,정밀유도무기 등,http://www.lignex1.com,우주항공과국방,우주항공산업,
HDC아이콘트롤스,39570,"기계설비공사, 스마트홈, 지능형 빌딩, SOC",http://www.icontrols.co.kr,건설,스마트홈(홈네트워크),HDC
동일제강,2690,"PC강연선, 경강선, 도금선, 마봉강",http://www.dongil-steel.com,철강,철도,
AJ네트웍스,95570,"렌탈(파렛트, OA장비, 건설장비)",http://www.ajnet.co.kr,도로와철도운송,지주사,
이노션,214320,광고대행 및 광고물의 제작 등,http://www.innocean.com,광고,광고,현대자동차
토니모리,214420,"스킨케어 베이직, 포인트 메이크업, 스킨케어 스페셜, 베이스 메이크업 등",http://www.tonysteet.com,화장품,화장품,
미래에셋생명,85620,생명보험상품,http://life.miraeasset.com,생명보험,생명보험,미래에셋
경보제약,214390,"아토르바스타틴, 세프티족심, 세프트리약손",http://www.kbpharma.co.kr,제약,코로나19(나파모스타트),
SK디앤디,210980,"비주거용 부동산개발 및 임대(오피스, 지식산업센터, 호텔 등)",http://www.skdnd.com,부동산,태양광에너지,SK
엔에스쇼핑,138250,TV홈쇼핑,http://pr.nsmall.com,인터넷과카탈로그소매,홈쇼핑,하림
세화아이엠씨,145210,"타이어 금형, 타이어 제조설비",http://www.saehwaimc.com,자동차부품,,
한솔제지,213500,"인쇄용지, 산업용지, 특수지 제조 및 판매",http://www.hansolpaper.co.kr,종이와목재,제지,
디와이파워,210540,유공압기기 등,http://power.dy.co.kr,기계,건설기계,
삼성물산,28260,"도소매, 건설, 남자용 정장 제조업 등",http://www.samsungcnt.com,복합기업,건설 대표주,삼성
씨에스윈드,112610,풍력발전타워 제조,http://www.cswind.com,기계,풍력에너지,
삼성에스디에스,18260,"IT서비스, 물류BPO",http://www.samsungsds.com,IT서비스,IT 대표주,삼성
만도,204320,"제동장치, 조향장치, 현가장치",http://www.mando.com,자동차부품,자동차 대표주,한라
서연이화,200880,자동차 도어 트림 및 시트,http://www.seoyoneh.com,자동차부품,자동차부품,
쿠쿠홀딩스,192400,주방용 전기기기 제조업,http://www.cuckoo.co.kr,가정용기기와용품,지주사,
화인베스틸,133820,"조선용 형강(부등변 부등후 앵글, 부등호 앵글, 등변앵글 평철 등)",http://www.finebesteel.com,철강,철강 중소형,
BGF,27410,지주회사,http://www.bgf.co.kr,백화점과일반상점,지주사,
코스맥스,192820,화장품,http://www.cosmax.com,화장품,화장품,
종근당,185750,"딜라트렌,리피로우",http://www.ckdpharm.com,제약,코로나19(진단/치료제/백신 개발 등),
신송홀딩스,6880,사업경영 및 관리자문,http://www.singsongholdings.com,식품과기본식료품소매,음식료업종,
아세아시멘트,183190,"시멘트, 레미콘, 몰탈",http://www.asiacement.co.kr,건축자재,시멘트/레미콘,
현대로템,64350,"철도차량, 특수중기, 산업기계",http://www.hyundai-rotem.co.kr,기계,수소차(연료전지/부품/충전소 등),현대자동차
한진칼,180640,"지주사업, 경영자문 및 컨설팅",http://www.hanjinkal.co.kr,항공사,지주사,한진
엔에이치엔,181710,한게임,http://www.nhn.com,,,
JB금융지주,175330,금융지주 회사,http://www.jbfg.com,은행,지주사,
하이골드12호,172580,,http://imt@kmaringroup.com,해운사,,
DSR,155660,합섬섬유로프,http://www.dsr.com,비철금속,,
한국패러랠,168490,,,기타,,
동아에스티,170900,"스티렌, 자이데나",http://www.donga.co.kr,제약,바이오시밀러(복제 바이오의약품),
지엠비코리아,13870,"VS, TIB, CVJoint 등",http://www.gmb.co.kr,자동차부품,수소차(연료전지/부품/충전소 등),
LG헬로비전,37560,"케이블TV, 인터넷서비스 등",http://www.lghellovision.net,방송과엔터테인먼트,MVNO(가상이동통신망사업자),LG
동일고무벨트,163560,"산업용고무제품, 종합고무부품",http://www.drbworld.com,자동차부품,,
한국콜마,161890,"화장품, 의약품",,화장품,화장품,
한국타이어앤테크놀로지,161390,타이어 제조,http://www.hankooktire.com,자동차부품,타이어,한국타이어
애경유화,161000,오르토프탈산디옥틸,,화학,석유화학,애경
SK렌터카,68400,승용자동차 임대,http://www.skcarrental.com,도로와철도운송,,SK
바다로19호,155900,,,해운사,,농협
사조씨푸드,14710,횟감용 참치 및 기타 일반수산물,http://www.sajosf.co.kr,식품,수산,
하이골드3호,153360,,http://imt@kmaringroup.com,해운사,,
코오롱머티리얼,144620,"합성섬유 제조/직물 도매,무역",http://www.kolonfm.com,"섬유,의류,신발,호화품",수소차(연료전지/부품/충전소 등),코오롱
한국ANKOR유전,152550,,,기타,,
휴비스,79980,"합성섬유(폴리에스테르원사,원면),재생섬유,폴리에스텔 원사,원면,고상칩 제조,도소매",http://www.huvis.com,"섬유,의류,신발,호화품",마스크,
케이탑리츠,145270,부동산 임대,http://www.ktopreits.co.kr,부동산,리츠(REITs),
GS리테일,7070,"체인화 편의점,슈퍼마켓,마트,전자상거래/부동산(빌딩) 임대",http://www.gsretail.com,백화점과일반상점,인터넷은행,GS
인터지스,129260,"화물운송,알선,하역",http://www.intergis.co.kr,항공화물운송과물류,종합 물류,동국제강
삼양사,145990,설탕,http://www.samyangcorp.com,식품,석유화학,삼양
하나투어,39130,"일반여행알선,컴퓨터프로그램 개발,보급,통신판매",http://www.hanatour.com,"호텔,레스토랑,레저",환율하락 수혜,
에이블씨엔씨,78520,"화장품 제조,도소매/소프트웨어 자문,개발,공급/전자상거래",http://www.able-cnc.com,화장품,화장품,
삼원강재,23000,"열간압연제품(평강,봉강,특수이형강,환강,자동차용 겹판스프링) 제조,판매",http://www.samwon-steel.co.kr,자동차부품,자동차부품,
신세계인터내셔날,31430,"섬유, 의복, 신발 및 가죽제품 소매",http://www.sikorea.co.kr,"섬유,의류,신발,호화품",패션/의류,신세계
에이리츠,140910,,http://www.areit.co.kr,부동산,리츠(REITs),
한국항공우주,47810,"정부방산 및 완제기 수출(T-50계열, KUH계열, KT-1계열 등), 기체부품",http://www.koreaaero.com,우주항공과국방,드론(Drone),
롯데하이마트,71840,"가전제품,잡화 도소매/부동산 임대",http://www.himart.co.kr/index.jsp,전문소매,여름,롯데
한세엠케이,69640,"케주얼웨어(BUCKAROO, TBJ 등)",http://www.mktrend.co.kr,"섬유,의류,신발,호화품",패션/의류,
코오롱플라스틱,138490,엔지니어링플라스틱,http://www.kolonplastics.com,화학,,코오롱
이마트,139480,대형마트,http://emartcompany.comkomain.do,백화점과일반상점,편의점,신세계
DGB금융지주,139130,지주회사,http://www.dgbfg.co.kr,은행,지주사,
케이티스카이라이프,53210,위성방송서비스,http://www.ktskylife.co.kr,,,
세아특수강,19440,"냉간압조용선재,마봉강,스테인레스봉강 제조",http://www.seahsp.co.kr,철강,자동차부품,세아
메리츠금융지주,138040,투자사업,http://www.meritzgroup.com,손해보험,지주사,
한국종합기술,23350,"토목설계,건축설계,감리,측량/토목건축공사",http://www.kecc.co.kr,건설,테마파크,
BNK금융지주,138930,금융지주회사,http://www.bnkfg.com,은행,지주사,
일진머티리얼즈,20150,"인쇄회로기판(PCB)용 전해동박(ACF,UCF),에폭시용 동박,전해콘덴서용 알루미늄박 제조,판매",http://www.iljinm.co.kr,전자장비와기기,K-뉴딜지수,
현대위아,11210,"자동차부품, 공작기계 등",http://www.hyundai-wia.com,자동차부품,자동차 대표주,현대자동차
선진,136490,조제동물사료,,식품,아프리카 돼지열병(ASF),하림
미원화학,134380,"계면활성제, 황산및분황",http://www.miwonchemicals.com,화학,,
시디즈,134790,의자,http://www.sidiz.com,가구,,
HSD엔진,82740,"대형선박용엔진,내연발전엔진",http://www.hsdengine.com,조선,LNG(액화천연가스),두산
대성에너지,117580,천연가스,http://www.taegugas.co.kr,가스유틸리티,겨울,
현대퓨처넷,126560,광고업,http://www.hyundaifuturenet.co.kr,방송과엔터테인먼트,케이블TV SO/MSO,현대백화점
KTis,58860,"114전화번호안내, 고객센터",http://www.ktis.co.kr,상업서비스와공급품,,케이티
한전산업,130660,"발전설비 운전·정비, 전기검침",http://www.kepid.co.kr,전기유틸리티,스마트그리드(지능형전력망),
엘브이엠씨,900140,지주회사,http://www.lvmcholdings.net,,,
비케이탑스,30790,"시스템통합소프트웨어 개발, 전자상거래",http://www.bktops.co.kr,IT서비스,소모성자재구매대행(MRO),
휠라홀딩스,81660,"스포츠의류,신발,가방,시계,골프장비,화장품,가죽제품(지갑,키홀더) 도매,수출입",http://www.filaholdings.com/kr/main/index.asp,"섬유,의류,신발,호화품",패션/의류,
KTcs,58850,전화번호검색 데이타제공/콜센터 운영,http://www.ktcs.co.kr,상업서비스와공급품,,케이티
현대홈쇼핑,57050,TV홈쇼핑 도소매/홈쇼핑프로그램 제작,http://www.hmall.com,인터넷과카탈로그소매,케이블TV SO/MSO,현대백화점
도화엔지니어링,2150,"토목설계,건축설계,종합감리전문업,종합기술용역,엔지니어링",http://www.dohwa.co.kr,건설,남북경협,
대성산업,128820,"주요소운영,기계판매 등",http://www.daesung.co.kr,석유와가스,자원개발,
아이마켓코리아,122900,B2B 전자상거래,http://www.imarketkorea.com,상업서비스와공급품,소모성자재구매대행(MRO),
한미약품,128940,의약품,,제약,"백신/진단시약/방역(신종플루, AI 등)",
우진,105840,원전용계측기,http://www.woojininc.com,기계,원자력발전,
무학,33920,소주,http://www.muhak.co.kr,음료,"주류업(주정, 에탄올 등)",
이연제약,102460,"항생제,순환기제",http://reyonpharm.co.kr,제약,슈퍼박테리아,
한국화장품,123690,화장품,http://www.ihkcos.co.kr,화장품,화장품,
에스제이엠,123700,자동차및산업용Bellows,,,,
한라홀딩스,60980,지주회사 및 경영컨설팅 서비스업,http://www.hallaholdings.com,자동차부품,자율주행차,한라
삼성생명,32830,"생명보험,부동산 임대",http://www.samsunglife.com,생명보험,생명보험,삼성
신세계푸드,31440,"단체급식, 식자재유통, 외식",http://www.shinsegaefood.com,"호텔,레스토랑,레저",음식료업종,신세계
한화생명,88350,생명보험,http://www.hanwhalife.com,생명보험,인터넷은행,한화
조선선재,120030,용접재료,http://www.chosunwelding.com,철강,,
코오롱인더,120110,"산업자재, 화학, 필름",,화학,폴더블폰,코오롱
KC코트렐,119650,전기집진기 등,http://www.kc-cottrell.com,기계,태양광에너지,
지역난방공사,71320,"집단에너지공급 및 전기,증기 생산,판매",http://www.kdhc.co.kr,복합유틸리티,겨울,
락앤락,115390,플라스틱 밀폐용기,,포장재,엔젤산업,
영흥,12160,와이어로프 등,,철강,자동차부품,
우리들휴브레인,118000,의료기기 도매,,IT서비스,코로나19(진단키트),
한전기술,52690,원자력발전소 설계 등,http://www.kepco-enc.com,전기유틸리티,원자력발전,
GKL,114090,카지노,http://www.grandkorea.com,"호텔,레스토랑,레저",카지노,
SK,34730,"지주회사, 시스템통합(SI), 정보통신사업 관련 컨설팅,조사용역,정보통신기술 연구개발/정보통신기기,소프트웨어 개발,도매",http://www.sk-inc.com/,복합기업,블록체인,SK
황금에스티,32560,"스테인레스 냉연, 열연",http://www.hwangkum.com,비철금속,비철금속,
하이트진로,80,소주,http://www.hitejinro.com,음료,"주류업(주정, 에탄올 등)",하이트진로
동양생명,82640,생명보험,http://www.myangel.co.kr,생명보험,생명보험,
유니온머티리얼,47400,"페라이트,세라믹 제조,도매",http://unionmaterials.com,자동차부품,희귀금속(희토류 등),OCI
형지엘리트,93240,"학생복,스포츠의류,작업복 제조,도매",http://www.hyungji-elite.com,"섬유,의류,신발,호화품",패션/의류,
키움증권,39490,"유가증권의 매매, 위탁, 인수, 주선",http://www.kiwoom.com,증권,증권,다우키움
영원무역,111770,스포츠의류,,"섬유,의류,신발,호화품",패션/의류,
우리금융캐피탈,33660,"투자회사,할부금융,리스/자동차정비,자동차리스",http://www.woorifcapital.com,기타금융,,
한미글로벌,53690,"건축 설계,감리/건축공사,토목공사,설비공사,전기공사,안전공사",http://www.hanmiparsons.com,건설,,
동아지질,28100,"보링그라우팅공사,토공사,철근콘크리트공사,상하수도공사,비계구조물해체공사,수중공사/지질조사,시공감리",http://www.dage.co.kr,건설,GTX(수도권 광역급행철도),
STX중공업,71970,"조선기자재, 기계부품, 엔진산업환경발전설비, 플랜트(EPC)",http://www.stxhi.co.kr,조선,수소차(연료전지/부품/충전소 등),
LG하우시스,108670,"창호재, 자동차부품 등",http://www.lghausys.com,건축자재,리모델링/인테리어,LG
한세실업,105630,의류 완제품,http://www.hansae.com,"섬유,의류,신발,호화품",패션/의류,
컨버즈,109070,"크라프트지,박엽지",http://www.k-paper.kr,종이와목재,,
미원홀딩스,107590,도료첨가제,,화학,지주사,
NAVER,35420,포털 서비스 및 온라인 광고,http://www.navercorp.com,양방향미디어와서비스,인터넷 대표주,
부국철강,26940,철강,http://www.bks.co.kr,철강,철강 중소형,
KB금융,105560,-,http://www.kbfg.com,은행,카카오뱅크 관련주,
한국철강,104700,철근. 단조강. 파이프,http://www.kisco.co.kr,철강,철강 주요종목,
일진전기,103590,,,전기장비,전선,
풍산,103140,,http://www.poongsan.co.kr,비철금속,화폐/금융자동화기기(디지털화폐 등),
LG이노텍,11070,기타 전자부품 제조업,http://www.lginnotek.co.kr,전자장비와기기,무선충전기술,LG
명문제약,17180,"의약품(ROBAXIN 주사,KIMITE패취) 제조,판매",http://www.mmpharm.co.kr,제약,코로나19(카모스타트),
비상교육,100220,"참고서 출판/소프트웨어 개발,공급",http://www.visang.com,교육서비스,교육/온라인 교육,
동성케미컬,102260,,http://www.dongsungchemical.co.kr,화학,석유화학,
쌍방울,102280,,http://www.sbw.co.kr,"섬유,의류,신발,호화품",캐릭터상품,
LG유플러스,32640,"개인휴대통신서비스,음성서비스,데이터서비스,부가통신/단말기 도소매/프로그램 개발,자료제공",http://www.uplus.co.kr,무선통신서비스,스마트홈(홈네트워크),LG
인바이오젠,101140,"신발,의류,스포츠용품 도매,제조",http://www.inbiogen.co.kr,"섬유,의류,신발,호화품",코로나19(진단키트),
아시아나항공,20560,"항공운송(여객운송,화물운송)/항공기 제조,정비수리",http://www.flyasiana.com,항공사,환율하락 수혜,금호아시아나
SBS미디어홀딩스,101060,지주회사,http://www.sbsmedia.co.kr,방송과엔터테인먼트,지주사,태영
SNT에너지,100840,"공냉식 열교환장치,폐열회수장치 제조",http://www.hisnt.com,기계,원자력발전,
진양홀딩스,100250,"투자,경영컨설팅",http://cyholdings.kr,화학,지주사,
엔케이,85310,"고압가스용기,선박용,육상용 소화설비장치,천연가스이동식충전소 제조,도매",http://www.nkcf.com,기계,수소차(연료전지/부품/충전소 등),
한전KPS,51600,"일반전기공사,발전설비정비공사,점검,수리,엔지니어링",http://www.kps.co.kr,전기유틸리티,원자력발전,
이아이디,93230,"무선통신기기부품,전시용 핸드폰모형기(ADM) 제조",http://www.eid21.co.kr,석유와가스,2차전지(장비),
기신정기,92440,"몰드베이스,금형부품,정밀기계기구 제조,도매,무역",http://www.kishin.com,기계,,
KSS해운,44450,"특수화물해상운송(케이컬,액화가스,냉동.냉장화물),선박대여",,해운사,해운,
효성 ITX,94280,"컨택센터서비스, Cloud솔루션, CDN, 프로젝터판매",http://www.hyosungitx.com,,,
유나이티드,33270,"홈타민 진생연질60C(비타민제),항암제,항생제,순환기계,해열진통제,소화기계약품 제조",http://www.kup.co.kr,,,
디아이씨,92200,"자동차부품(트란스밋숀,프런트액슬,기어,전동축),변속동력전달장치,특수공구,농기계 및 산업기계부품 제조,무역",http://dicorp.co.kr,자동차부품,쿠팡 관련주,
CJ제일제당,97950,"설탕,소맥분,조미식품,육가공식품(돈육,돼지비계,돼지식용설육),대두가공식품,사료,의약품,생활화학제품 제조,도매,무역/통신판매",http://www.cj.co.kr,항공화물운송과물류,환율하락 수혜,CJ
팬오션,28670,"해상화물운송(외항,운수보관)",http://www.panocean.com,해운사,해운,하림
한진중공업,97230,"선박건조,기계플랜트 제조/토목공사,건축공사,조경공사,전기공사,가스공사,준설공사,기계설비공사",http://www.hanjinsc.com,건설,GTX(수도권 광역급행철도),
JW홀딩스,96760,의약품 수출입업,http://jw-holdings.co.kr,제약,지주사,
SK이노베이션,96770,"석유정제,석유화학제품,윤활유제품,아스팔트제품,의약중간체 제조,판매,유전개발,대체에너지사업",http://www.SKinnovation.com,석유와가스,2차전지(생산),SK
삼성카드,29780,"신용카드업,상품신용판매,현금서비스,카드론,리스,기업대출,여행업무,통신판매",http://www.samsungcard.co.kr,카드,,삼성
베트남개발1,96300,투자신탁,,기타,,
알루코,1780,"알루미늄제품,샷시 제조",http://www.dygc.co.kr,비철금속,비철금속,
웅진씽크빅,95720,"기타출판 제조/서적,교구,통신판매 도소매/부동산 임대/교구렌탈,컴퓨터운용관련서비스",http://www.wjthinkbig.com,교육서비스,엔젤산업,웅진
맵스리얼티1,94800,,http://www.miraeasset.com,기타,,
메타랩스,90370,"여성용 의류(캐쥬얼티셔츠,바지) 제조",http://www.metalabs.co.kr,"섬유,의류,신발,호화품",패션/의류,
후성,93370,"불소화물 제조,도매",http://www.foosungchem.com,화학,K-뉴딜지수,
LF,93050,"기성복, 의류, 잡화, 제조",http://www.lfcorp.com,"섬유,의류,신발,호화품",패션/의류,
주연테크,44380,"각종컴퓨터,주변기기 제조/소프트웨어 개발",http://www.jooyon.co.kr,컴퓨터와주변기기,블록체인,
코스맥스비티아이,44820,"화장품,의약부외품 제조,도매",http://www.cosmax.com,제약,지주사,
인천도시가스,34590,도시가스 공급/가스설비공사,http://www.icgas.co.kr,가스유틸리티,겨울,
삼정펄프,9770,"지류화장지,안면용,위생용 티슈 제조,판매",http://www.sjpulp.com,가정용품,제지,
KEC,92220,반도체 제조,http://www.kec.co.kr,반도체와반도체장비,전기차,
KPX홀딩스,92230,지주회사,http://www.kpxholdings.com,화학,지주사,
HDC현대EP,89470,"합성수지(PP컴파운딩가공,자동차범퍼,내장제) 제조,도소매",http://www.hdc-hyundaiep.com/,자동차부품,자동차부품,HDC
세원이앤씨,91090,"화학플랜트 설비,기계 제작(음식료,석유화학사업관련)/유공압기기 판매",http://www.sewonenc.com,석유와가스,줄기세포,
노루페인트,90350,페인트 제조,,건축자재,페인트,
아모레퍼시픽,90430,"화장품,생활용품 제조, 판매",http://www.apgroup.com,화장품,화장품,아모레퍼시픽
롯데관광개발,32350,"국내외여행알선,관광개발,전세운수,항공권매매대행",http://lottetour.com,"호텔,레스토랑,레저",카지노,
평화산업,90080,"자동차부품(방진고무,방류고무(COVER류,CUP류),호스류),장비시설용 부품 제조,판매",http://www.ph.co.kr,자동차부품,수소차(연료전지/부품/충전소 등),
우진플라임,49800,"플라스틱사출성형기 제조,판매",http://www.woojinplaimm.com,기계,,
신세계I&C,35510,"IT시스템 개발, 운영 및 유지보수, IT 컨설팅, IT장비솔루션 총판, 아웃소싱, IDC, IT기기 및 휴대폰 유통, 전자상품권",http://www.shinsegae-inc.com,,,
진도,88790,"모피제품 제조,가공",http://www.jindofand.co.kr,"섬유,의류,신발,호화품",패션/의류,
맥쿼리인프라,88980,증권투자회사,http://www.macquarie.com/kr/kr/mkif/index.html,운송인프라,,
롯데쇼핑,23530,"백화점(의류,식품 및 잡화),할인점 운영/전자상거래",http://www.lotteshoppingir.com/,백화점과일반상점,영화,롯데
현대글로비스,86280,"화물운송주선,화물포장,자동차 수리/산업용 기계장비 임대",http://www.glovis.net,항공화물운송과물류,종합 물류,현대자동차
티비에이치글로벌,84870,"캐주얼의류,여성의류,남성의류 제조,도소매",,,,
하나금융지주,86790,기타 금융,http://www.hanafn.com,은행,지주사,
제일연마,1560,"연마석,다이아몬드공구 제조,도소매/주택건설",http://www.grinding.co.kr,비철금속,,
현대리바트,79430,"일반목재가구(책상,침실가구),주방가구,목창호,사무용가구,선실가구 제조",http://www.hyundailivart.co.kr,가구,리모델링/인테리어,현대백화점
대한제강,84010,"제강,철재,철근,환봉,마환봉,빌레트 제조",http://www.idaehan.com,철강,철강 주요종목,
새론오토모티브,75180,"자동차부품(브레이크패드,라이닝)",http://www.saeronauto.co.kr,자동차부품,자동차부품,
그린케미칼,83420,"비이온계면활성제 제조,도매",http://www.korgc.com,화학,석유화학,
대상홀딩스,84690,지주회사,,식품,지주사,
코아스,71950,"사무용가구,금속가구 도매,제조",http://www.ikoas.com,가구,DMZ 평화공원,
이월드,84680,"놀이시설 운영,입장료,식음료 소매,부동산 임대",http://www.eworld.kr,"호텔,레스토랑,레저",테마파크,이랜드
동양고속,84670,고속버스 운송/부동산 임대,http://www.dyexpress.co.kr,도로와철도운송,,
한미반도체,42700,"반도체 후공정장비,반도체금형 제조/부동산 매매,임대",http://www.hanmisemi.com,반도체와반도체장비,LED장비,
동일산업,4890,"봉강,합금철,철근,마봉강,냉간압조용선재,주조,지선,주강,다이아몬드공구 제조,도매",http://www.dongil.co.kr,철강,철강 중소형,
삼호개발,10960,"토공사,철근콘크리트공사,포장공사,미장방수공사,상하수도공사,수중공사,비계구조물해체공사/골재,아스콘 제조,판매,중기임대",http://www.samhodev.co.kr/,건설,건설 중소형,
금호타이어,73240,"타이어,튜브 제조,도매,무역",http://www.kumhotire.co.kr,자동차부품,타이어,금호아시아나
CJ CGV,79160,"영화상영,영화관 운영",http://www.cgv.co.kr,방송과엔터테인먼트,영화,CJ
일진다이아,81000,"공업용 합성다이아몬드 제조,도매,수출입",http://www.iljindiamond.co.kr,비철금속,수소차(연료전지/부품/충전소 등),
유니드,14830,"탄산칼륨,가성칼륨,가성카리,탄산카리(무기화합물),MDF(가공목재) 제조,도매",http://www.unid.co.kr,화학,,OCI
상신브레이크,41650,"자동차 브레이크 슈 어셈블리,브레이크패드 제조/군납업,무역/부동산 임대",http://www.sangsin.com,자동차부품,자동차부품,
인팩,23810,"자동차용 케이블,전자정보통신관련기기 제조,도매",http://www.infac.com,자동차부품,자동차부품,
GS,78930,지주회사/부동산 임대,,석유와가스,자원개발,GS
유니퀘스트,77500,"반도체직접회로 도매,무역,제조",http://www.uniquest.co.kr,반도체와반도체장비,자율주행차,
다스코,58730,"데크플레이트,도로안전시설물(가드레일,강재방호책),건축용단열재보드(경질우레탄보드),신재생에너지사업",http://www.dasco.kr,건축제품,남북경협,
LG디스플레이,34220,액정표시장치(TFT-LCD) 제조,http://www.lgdisplay.com,디스플레이패널,IT 대표주,LG
텔코웨어,78000,"소프트웨어(핵심망솔루션,무선데이터솔루션,요소기술) 개발,유지보수,무역",http://www.telcoware.com,소프트웨어,5G(5세대 이동통신),
STX엔진,77970,"엔진,터빈,내연기관 제조,도매",http://www.stxengine.co.kr,조선,방위산업/전쟁 및 테러,
NICE,34310,"기업신용분석,유가증권등급평정,기업정보,긍융정보,경제정보,소비자신용정보 제공,시장조사,사회여론조사,점외 CD/ATM사업",http://www.nice.co.kr,상업서비스와공급품,지주사,
대교,19680,"학습지,참고서 출판/건설업/종합유선방송 프로그램공급,디지털학원",http://www.daekyo.co.kr,교육서비스,엔젤산업,
기업은행,24110,은행업,http://www.kiupbank.co.kr,은행,은행,
이엔플러스,74610,소방자동차 제조,http://www.en3.co.kr,기계,그래핀,
한솔홈데코,25750,"PB,MDF,바닥재,강화,재생목재,LPM,제재목 제조,도소매,무역/임업,벌목관련 사업",http://www.hansolhomedeco.co.kr,건축자재,리모델링/인테리어,
이수페타시스,7660,"P.C.B(인쇄회로기판),M.L.B 제조",http://www.petasys.com,전자장비와기기,PCB(FPCB 등),
강원랜드,35250,"카지노,관광호텔,골프장,스키장,체육시설 운영",http://kangwonland.high1.com,"호텔,레스토랑,레저",카지노,
YG PLUS,37270,"광고대행,광고물 제작",http://www.ygplus.com,방송과엔터테인먼트,광고,
농심홀딩스,72710,"지주회사,투자자문,경영컨설팅 서비스",http://www.nongshimholdings.co.kr,식품,지주사,
한국금융지주,71050,금융지주회사,http://www.koreaholdings.com,증권,카카오뱅크 관련주,
유엔젤,72130,"소프트웨어(무선인터넷 솔루션,ASP통신사업자용 지능망솔루션 및 단문메세지센터) 개발,공급",http://www.uangel.com,IT서비스,클라우드 컴퓨팅,
SBS,34120,"TV,라디오방송,광고",http://www.sbs.co.kr,방송과엔터테인먼트,영상콘텐츠,태영
엔씨소프트,36570,"인터넷머그게임(리니지),그룹웨어,인터넷커뮤니티 개발,유지,공급",http://www.ncsoft.net,게임엔터테인먼트,K-뉴딜지수(게임),
하이스틸,71090,"강관 제조,도매",http://www.histeel.co.kr,철강,수자원(양적/질적 개선),
DSR제강,69730,"와이어로프,각종 경강선,철선제품,PC강선,아연도 강연선 제조",http://www.dsrcorp.com,철강,철강 중소형,
태경케미컬,6890,"드라이아이스,액체탄산,고체탄산 제조",http://www.taekyungchem.co.kr,화학,쿠팡 관련주,
한농화성,11500,"계면활성제,글리콜에테르 제조,판매",http://hannong.koreasme.com,화학,2차전지,
현대백화점,69960,백화점,http://home.e-hyundai.com,백화점과일반상점,소매유통,현대백화점
대호에이엘,69460,"알루미늄 환절판 제조,도매,무역",http://www.daeho-al.com,비철금속,철도,
대웅제약,69620,"양약,의료기기 제조/화장품,의약부의품 도소매/부동산 임대",http://www.daewoong.co.kr,제약,코로나19(카모스타트),
마니커,27740,"닭고기,햄,계육가공제품,계육,육가공제품 제조,판매,유통/양계관련사업/부동산임대/수출입대행",http://www.maniker.co.kr,식품,여름,
SNT홀딩스,36530,"지배,경영지도,정리,육성",http://www.hisntholdings.com,자동차부품,지주사,
휴켐스,69260,"화합물,화학제품 제조",http://www.huchems.com,화학,온실가스(탄소배출권),
세종공업,33530,"자동차부품,자동차소음기(머플러),배기가스정화기,배기계통부품 제조",http://www.sjku.co.kr,자동차부품,수소차(연료전지/부품/충전소 등),
포스코강판,58430,"용융아연도금강판,용융알루미늄도금강판,칼라도장강판,냉연강판 가공,제조,도매",http://www.poscocnc.com,비철금속,철강 주요종목,포스코
삼성출판사,68290,"서적 출판,인쇄,소매/부동산 임대",http://www.samsungbooks.com,문구류,모바일콘텐츠(스마트폰/태블릿PC),
세이브존I&C,67830,"대형할인점(백화점)/부동산 임대/주차장,문화센터 운영",http://www.savezone.co.kr,백화점과일반상점,소매유통,
교보증권,30610,"유가증권 매매,중개,대리,인수",http://www.iprovest.com,증권,증권,
한샘,9240,"주방가구(씽크대),인테리어가구 판매,제조/주택신축판매",http://www.hanssem.com,가구,리모델링/인테리어,
신세계건설,34300,"토목,건축,건축관련기술서비스,빌딩관리용역,골프장,내장공사,시설개보수,설계용역",http://httpswww.shinsegae-enc.com,건설,테마파크,신세계
우신시스템,17370,"자동차차체자동화용접조립라인,용접설비,자동용접장비 제조,판매",http://www.wooshinsys.co.kr,자동차부품,자동차부품,
LG전자,66570,"이동통신단말기,C-TV,V.C.R.,컴퓨터,완전평면 TV,플라즈마 디스플레이 패널 TV,전자제품(세탁기외),CDMA(코드분할다중접속)이동통신,전자교환기,전송기기",http://www.lge.co.kr,전자제품,IT 대표주,LG
한국콜마홀딩스,24720,"화장품,의약부외품의 주문자표시 제조,도매",http://www.kolmar.co.kr,화장품,"백신/진단시약/방역(신종플루, AI 등)",
SNT모티브,64960,"자동차부품(서스펜션모듈,전장품,속옵서버,에어백,트로틀바디,너클),방산품(총포) 제조,도매",http://www.sntdaewoo.com,자동차부품,수소차(연료전지/부품/충전소 등),
광주신세계,37710,백화점,http://www.gjshinsegae.com,백화점과일반상점,소매유통,신세계
일진디스플,20760,"박막액정표시장치(TFT-LCD) 패널,LT(리튬탄탈에이트)웨이퍼,분말야금제품(초고압용공구),보석다이아몬드 제조,판매/종합건설",http://www.iljindisplay.co.kr,디스플레이패널,LED,
KH 필룩스,33180,"전자부품(페라이트코아,트랜스포머,데코램프) 제조/온라인정보 제공/부동산 임대",http://www.feelux.com,전기제품,LED,
종근당바이오,63160,"의약품,원료의약품 제조",http://www.ckdbio.com,제약,슈퍼박테리아,
신한지주,55550,금융지주회사,http://www.shinhangroup.com,은행,지주사,
코웨이,21240,"렌탈 서비스(정수기,비데, 필터교환 등), 가정용기기 도매,판매,제조,폐기물처리설비,수출(정수기,청정기)",http://www.coway.co.kr,가정용기기와용품,제습기,넷마블
세아홀딩스,58650,지주회사/투자 및 경영컨설팅/부동산 임대,http://www.seahholdings.co.kr,철강,지주사,세아
LG생활건강,51900,"화장품,생활용품 제조,도매",http://www.lgcare.com,화장품,여름,LG
LG화학,51910,"유화/기능/합성수지,재생섬유소,산업재,리튬이온전지,평광판,PVC 제조,도매",http://www.lgchem.com,화학,2차전지(생산),LG
대우건설,47040,"아파트건설,토목공사,건축공사,포장공사,전기공사,무역/중장비 대여",http://daewooenc.co.kr,건설,건설 대표주,
포스코인터내셔널,47050,"무역(철강,화학,자동차부품),수출주선,대행,알선,가공원단,폴리우레탄,자동차시트 제조",http://www.poscointl.com,무역회사와판매업체,자원개발,포스코
대우조선해양,42660,선박 제조,http://www.dsme.co.kr,조선,방위산업/전쟁 및 테러,
두산인프라코어,42670,"굴삭기,엔진 제조,도소매",http://www.doosaninfracore.com,기계,건설기계,두산
진양화학,51630,"레쟈,바닥재 제조",http://www.chinyang.co.kr,화학,리모델링/인테리어,
동원F&B,49770,"참치캔,음료,냉동식품 제조,판매",http://www.dongwonfnb.com,식품,환율하락 수혜,동원
두산중공업,34020,"기관,터어빈,선박용엔진,주단조품,제강제품 제조/종합건설",http://www.doosanheavy.com,기계,원자력발전,두산
한국내화,10040,"내화벽돌,내화몰탈,축로등 제조,판매",http://www.fskrc.co.kr,비철금속,북한 광물자원개발,
한세예스24홀딩스,16450,"의류(니트) 제조,도소매,원단 제조,부동산 임대",http://www.hansaeyes24.com,"섬유,의류,신발,호화품",카카오뱅크 관련주,
대성홀딩스,16710,"도시가스,일반가스 공급/가스기기,차량용 연료 판매/해외자원개발,부동산 임대",http://www.taegugas.co.kr,가스유틸리티,MVNO(가상이동통신망사업자),
대원제약,3220,"의약품(해열소염진통제,진해거담제,동맥경화용제,혈압강하제 등), 건강기능식품(프로바이오틱스 등)",http://www.daewonpharm.com,제약,고령화 사회(노인복지),
한국가스공사,36460,"액화천연가스 공급,제조,도매,개발",http://www.kogas.or.kr,가스유틸리티,자원개발,
미래아이앤지,7120,"CCTV, DVR제조, 금융솔루션, 방산제품",http://www.miraeing.co.kr,IT서비스,방위산업/전쟁 및 테러,
화천기공,850,"CNC선반,CNC밀링,연마기(금속공작기계),MC공작기계,COPY밀링기계,주방품 제조,도매",http://www.hwacheon.com,기계,공작기계,
팜스코,36580,"배합사료 제조,도매",http://www.farmsco.com,식품,마켓컬리 관련주,하림
케이티앤지,33780,"잎담배,제조담배,홍삼,홍삼제품 제조,판매",http://www.ktng.com,,,
한국조선해양,9540,"선박,해양구조물,엔진,펌프 전동기,중전기,중장비 제조/자동창고,물류시스템",http://www.ksoe.co.kr,조선,태양광에너지,현대중공업
디씨엠,24090,"PCM(칼라강판),라미네이트강판,산업용필름 제조,판매",http://www.dcmcorp.co.kr,비철금속,,
AK홀딩스,6840,지주사업,http://www.aekyunggroup.co.kr,화학,지주사,애경
대한유화,6650,"폴리프로필렌,고밀도폴리에틸렌,나프타분해유분,올레핀류,혼합C4류,분해가솔린 제조",http://www.kpic.co.kr,화학,석유화학,
백산,35150,"P.U.인조피혁,부직포인공피혁 제조,무역",http://www.baiksan.co.kr,"섬유,의류,신발,호화품",,
지투알,35000,지주회사,http://www.lgad.co.kr,광고,광고,LG
체시스,33250,"자동차부품,뒷차축 제조",http://www.chasys.com,자동차부품,"백신/진단시약/방역(신종플루, AI 등)",
자화전자,33240,"Bonded magenet,플라스틱자성제품,티탄산 바륨계 반도체소자,휴대전화용 Vibration Motor,전자관,전자부품 제조",http://www.jahwa.co.kr,전자장비와기기,갤럭시 부품주,
케이티,30200,"유무선통신사업,공중전기통신사업,인터넷,전자상거래,네트워크(전용회선,데이터통신,초고속사업 등)",http://www.kt.com,,,
하이트론씨스템즈,19490,"영상음향기기(보안시스템,CCTV용 모니터,CRT,화상회의시스템),정보통신기기 제조",http://www.hitron.co.kr,,,
제일기획,30000,"광고 대행/광고물,영화 제작,인쇄,출판",http://www.cheil.co.kr,광고,광고,삼성
디피씨,26890,"전자레인지용 고압변성기,리엑터,디지탈위성방송수신기 제조",http://www.dpc.co.kr,전기제품,,
케이씨,29460,가스/Chemical 공급 장치 등 제조 및 판매,http://www.kct.co.kr,반도체와반도체장비,,
대원화성,24890,"합성피혁,벽지,DMF(폐용수)정제,방수투습원단,화공약 임가공,제조,도매,수출입",http://www.daewon21.co.kr,"섬유,의류,신발,호화품",희귀금속(희토류 등),
E1,17940,"LPG(프로판,부탄가스),가스기기판매",http://www.e1.co.kr,가스유틸리티,LPG(액화석유가스),LS
SK가스,18670,"액화석유가스,가스기기 판매,수입,저장",http://www.skgas.co.kr/,가스유틸리티,LPG(액화석유가스),SK
다우기술,23590,"인터넷솔루션 개발,도매,IT컨설팅,시스템 설계,자문,인터넷관련서비스/부동산분양,개발,임대",http://www.daou.co.kr,IT서비스,클라우드 컴퓨팅,다우키움
영보화학,14440,"가교발포폴리에틸렌(아티론,영보드) 제조,판매",http://www.youngbo.com,화학,자동차부품,
SKC,11790,"폴리에스테르필름,합성수지,LCD용 필름 제조",http://www.skc.kr,화학,폴더블폰,SK
웰바이오텍,10600,"피혁의류 도,소매,의류 판매,수입,피혁(GRAIN LEATHER) 제조",http://www.wellbiotec.co.kr,"섬유,의류,신발,호화품",,
한국주강,25890,"주강,주물 제조,도매",http://www.hascokorea.co.kr,철강,북한 광물자원개발,
덕양산업,24900,"자동차부품(CRASH PAD,TRIM PANEL) 제조,판매",http://www.duckyang.co.kr,자동차부품,그래핀,
부산도시가스,15350,"도시가스 배관공급,가스기기 판매,설비공사",http://www.busangas.co.kr,,,
에쓰씨엔지니어링,23960,"기술용역(건축설계) 서비스/화학플랜트 설비,기계 제작(음식료,석유화학사업관련)/유공압기기 판매",http://www.sc-eng.com,건설,,
인지컨트롤스,23800,"자동차부품(터머스위치,터머스탯) 제조",http://www.inzi.co.kr,자동차부품,남북경협,
경동인베스트,12320,지주회사,http://www.kdinvest.co.kr,석유와가스,지주사,
에스제이엠홀딩스,25530,지주회사및경영자문,http://www.sjmholdings.co.kr,,,
콤텍시스템,31820,"시스템(네트웍) 구축/데이터통신장비(모뎀,먹스),종합네트워크시스템 제조,설치,유지보수",http://www.comtec.co.kr,IT서비스,제4이동통신,
SK하이닉스,660,"반도체,컴퓨터,통신기기 제조,도매",http://www.skhynix.com,반도체와반도체장비,IT 대표주,SK
MH에탄올,23150,"주정,탄산가스 제조",http://www.mhethanol.com,음료,"주류업(주정, 에탄올 등)",
국동,5320,"셔츠,스웨터,파자마(섬유제품) 제조,판매,수출/부동산 임대",http://www.kd.co.kr,"섬유,의류,신발,호화품",패션/의류,
동남합성,23450,"계면활성제,정밀화학품 제조,도매/부동산 임대",http://www.dongnamchem.com,화학,,
삼성엔지니어링,28050,"산업설비,건물,구축물,토목시설의 설계,시공,공사감리",http://www.samsungengineering.co.kr,건설,수자원(양적/질적 개선),삼성
신도리코,29530,"복사기, 3D프린터, 프린터, 주변기기 제조,판매",http://www.sindoh.com,사무용전자제품,3D 프린터,
예스코홀딩스,15360,지주사업,http://www.yescoholdings.com,가스유틸리티,겨울,LS
퍼시스,16800,"사무용 가구,의자,책상,캐비넷 제조",http://www.fursys.co.kr,가구,,
WISCOM,24070,"플라스틱제품(PVC컴파운드,ABS,PS가공) 제조,도매,임가공",http://www.wiscom.co.kr,화학,,
동원수산,30720,"원양어업/수산물 제조,가공/참치어류 냉동냉장업",http://www.dongwonfish.co.kr,식품,구제역/광우병 수혜,
미래산업,25560,"PCB마운터,반도체검사장비(반도체테스트핸들러),LCD 검사장비,리드프레임매가진 제조,도매,무역",http://www.mirae.co.kr,반도체와반도체장비,반도체 장비,
KTB투자증권,30210,"금융업, 서비스, 부동산",http://www.ktb.co.kr,증권,증권,
HDC,12630,"토목공사,건축공사,아파트분양사업,재개발/재건축사업",http://www.i-park.com,건설,지주사,HDC
광전자,17900,"트랜지스터,SMD TR,발광소자,리모콘모듈,발광다이오드(L.E.D),다이오드용웨이퍼팹(Fab) 제조,판매",http://www.auk.co.kr,전자장비와기기,마이크로 LED,
한국단자공업,25540,"전기변환장치(광커넥터,통신용콘넥터,정밀압착단자설계) 제조,무역(수출)",http://www.ket.com,,,
디아이,3160,"반도체검사장비,전자부품,레저용품,석제품 제조,판매,오파,부동산임대업",http://www.di.co.kr,반도체와반도체장비,반도체 장비,
신성이엔지,11930,"태양전지, 태양광모듈 제조 및 판매, 태양광 발전설치공사, 클린룸, 자동화장비",http://www.shinsungeng.com,반도체와반도체장비,태양광에너지,
티에이치엔,19180,"자동차부품(전기배선장치류) 제조,도매",http://www.th-net.co.kr,자동차부품,자동차부품,
한온시스템,18880,"자동차용부품(라디에이터,히터,에어콘,압축기,콘덴서,컴퓨레사) 제조,도매",http://www.hanonsystems.com,자동차부품,자동차 대표주,
세원정공,21820,"자동차부품(차체류,램프류) 제조",http://www.se-won.co.kr,자동차부품,,
세하,27970,"백판지,마니라판지,지류,하수처리기계 제조/상하수도설비공사,수질오염방지시설공사",http://www.seha.co.kr,포장재,제지,
영풍제지,6740,"골판지원지,지관원지,라이나원지 제조",http://www.yp21.co.kr,종이와목재,골판지 제조,
유니온,910,"백시멘트,타일시멘트,알루미나시멘트,용융알루미나,급결제,필터프레스,유니필터제조,도매",http://www.unioncement.com,건축자재,시멘트/레미콘,OCI
키다리스튜디오,20120,"만화, 소설 등 콘텐츠 제작 및 유통, 판매, 컴퓨터 프로그래밍, 시스템 통합 및 관리업",http://www.kidaristudio.com,양방향미디어와서비스,웹툰,다우키움
한섬,20000,"여성의류,금속 액세서리,신발,가방,선글라스 제조,판매",http://www.handsome.co.kr,"섬유,의류,신발,호화품",패션/의류,현대백화점
현대엘리베이터,17800,"엘리베이터,에스컬레이터,공항,공정,크린룸,병원 물류시스템,수,배송센터,고속소팅시스템,주차설비 제조,판매,보수",http://www.hyundaielevator.co.kr,,,
환인제약,16580,"의약품(신경정신질환치료제,소화기관용약제,연고) 제조,도매",http://www.whanin.co.kr,제약,치매,
계룡건설산업,13580,"건축공사,주택공사,토목공사,포장공사,전기공사",http://www.krcon.co.kr,,,
서원,21050,"비철금속(황동 빌레트,인코트) 제조,재생원료생산",http://www.swbrass.co.kr,비철금속,비철금속,
에스원,12750,"부가통신 서비스(경비),안전관리용역,CCTV카메라",http://www.s1.co.kr,상업서비스와공급품,보안주(물리),삼성
태경산업,15890,"제강용 정련제(프락스),카바이드,중질탈산칼슘 제조,판매/고속도로휴게소 운영",http://www.taekyung.co.kr,비철금속,비철금속,
신대양제지,16590,"골판지용 골심지,라이너지 제조,수출입",http://www.dygroup.co.kr,포장재,골판지 제조,
유양디앤유,11690,"혼성직접회로,통신기기 제조/화공약품,케이블 도매",http://www.yuyang.co.kr,디스플레이장비및부품,스마트홈(홈네트워크),
남해화학,25860,"비료(요소,복합비료),공업제품원료 제조,도매",http://www.nhchem.co.kr,화학,남북경협,농협
동원금속,18500,"자동차부품(도어후레임,머플러,임팩트빔),강관 제조,판매",http://www.dwmic.com,자동차부품,자동차부품,
성안,11300,"제직,염색,폴리에스터직물,자수직물봉제 제조,판매/임대료,관리비 수입",http://www.startex.co.kr,"섬유,의류,신발,호화품",화학섬유,
HMM,11200,"정기,부정기,전용선,콘테이너선,자동차선,LNG선 해운",http://www.hmm21.com,해운사,해운,
경인양행,12610,"반응성염료,직접염료,산성염료,삼원색원료 제조,수출입",http://www.kyungin.co.kr,화학,그래핀,
풀무원,17810,"두부류,생면류,나물류,냉동류,조미류,김치류,묵류,녹즙,과채음료,건강보조식품 판매,제조,생식품 수출",http://www.pulmuone.co.kr,식품,음식료업종,
서울도시가스,17390,"도시가스공급,가스공급설비공사",http://www.seoulgas.co.kr,,,
이구산업,25820,"동판.조,황동판.조,인청동판.조 제조,임가공/부동산 임대",http://www.leeku.net,비철금속,비철금속,
에넥스,11090,"씽크상판,주방기기,목재케비넷,유해가스저감장치시설 제조,판매",http://www.enex.co.kr,가구,리모델링/인테리어,
에이프로젠 KIC,7460,"단열장치,철구조물,가열로,특수단열재(금속표면경화육성,원자로용) 제조/단열공사/부동산 임대",http://www.aprogen-kic.com,기계,원자력발전,
제이준코스메틱,25620,화장품 제조 판매,http://www.jayjun.kr,화장품,화장품,
한국카본,17960,"탄소섬유(카본프리프레그(낚시대,테니스라켓,골프 Shaft,스포츠레저용품)),합성수지,글라스페이퍼,LNG선박용 단열판넬 제조,도매",http://www.hcarbon.com,조선,셰일가스(Shale Gas),
KPX케미칼,25000,"PPG,PU RESIN,우레탄수지,대향막박리재,반도체 CM PAD,Polyether Polyol,산업용기초화학제품,화공약품 제조,판매",http://www.kpxchemical.com,화학,석유화학,
지코,10580,"자동차부품(워터펌프,오일펌프,엔진헤드(GV6),프론트케이스) 제조",http://www.jico21.com,자동차부품,자동차부품,
태평양물산,7980,"봉제의류(자켓,파카,코트),침구 제조,우모가공,생활용품 도소매,무역",http://www.panpacific.co.kr,"섬유,의류,신발,호화품",패션/의류,
KC그린홀딩스,9440,"환경방지오염시설(전기집진기,배연탈황설비,여과집진기,세정식집진기),제어장치 제조,설치",http://www.kcgreenholdings.com,기계,폐기물처리,
문배철강,8420,"철강재중 판재류(후판,박판,무늬강판) 제조,도매",http://www.moonbaesteel.co.kr,철강,철강 중소형,
웅진,16880,"교육서비스(웅진아이큐,중.고교학습,어린이마을),도서,잡지 출판/부동산 임대/인터넷관련사업",http://www.woongjin.com,복합기업,마스크,웅진
오뚜기,7310,"라면,마요네즈,카레,스프,당면,소오스,토마토케첩,마가린,냉동생지(바게트,크로와상),참치캔,식초,3분짜장 제조",http://www.ottogi.co.kr,식품,환율하락 수혜,
일정실업,8500,"자동차시트원단,의류,완구직물 제조,염색가공",http://www.iljeong.co.kr,자동차부품,자동차부품,
한라,14790,"토목,건축,전기,환경사업,준설공사,포장공사,주택,중기임대",http://www.halla.co.kr,건설,건설 중소형,한라
엘에스일렉트릭,10120,"고압기기,저압기기,변압기,배전반,PLC,인버터,빌딩설비,공조기,건축배관,자동화기기 제조,동가공",http://www.ls-electric.com,,,
대양금속,9190,스테인레스 냉연강판 제조,http://www.daiyangmetal.co.kr,비철금속,비철금속,
이화산업,760,"염료(반응성염료,분산염료,범용염료,직접염료,산성염료),염료화성품,합성수지,고무 도매,제조",http://www.rifa.co.kr,화학,,
동원시스템즈,14820,포장용 플라스틱제품 제조 외,http://dongwonsystems.com/,포장재,2차전지,동원
삼성중공업,10140,"선박(벌크선,원유운반선),철구조물,에너지플랜트 생산,판매/토목건축업",http://www.samsungshi.com,조선,GTX(수도권 광역급행철도),삼성
모토닉,9680,"자동차용 기화기(캬브레타,다이캐스트,연료펌프) 제조,판매",http://www.motonic.co.kr,자동차부품,수소차(연료전지/부품/충전소 등),
화신,10690,"자동차엔진부품(ARM류,C/MBR류),자동차부품 제조",http://www.hwashin.co.kr,자동차부품,자동차부품,
삼화페인트공업,390,"건축용페인트,공업용페인트,분체도료 등 제조",http://www.samhwa.com,,,
경동나비엔,9450,"가정용기름보일러,입형,횡형 온수보일러,가스보일러,버너,흡수식 냉온수기,전기보일러,진공온수보일러,태양열보일러 제조,판매",http://www.kdnavien.co.kr,가정용기기와용품,스마트홈(홈네트워크),
DB,12030,"컴퓨터 프로그래밍, 시스템 통합 및 관리",http://www.dbinc.co.kr,IT서비스,클라우드 컴퓨팅,DB
SGC에너지,5090,"증기, 전기, REC(신재생에너지공급인증서)",http://www.sgcenergy.co.kr,에너지장비및서비스,온실가스(탄소배출권),OCI
대림비앤코,5750,"위생도기,내장타일,조립식욕실제품 제조,판매/부동산 임대",http://www.daelimbnco.com,,,
대한해운,5880,"외항화물운송,국제해운대리점",http://www.korealines.co.kr,해운사,환율하락 수혜,SM
메리츠증권,8560,"유가증권의 위탁매매,자기매매,인수공모주선업무",http://www.imeritz.com,증권,증권,
휴니드테크놀러지스,5870,"무선통신기기,군납용무전기,위성방송수신기 제조",http://www.huneed.com,,,
수산중공업,17550,"유압브레이커,트럭크레인,플라즈마 파암장비,특장차,산업기계,건설기계 제조,도매",http://www.soosan.co.kr,기계,건설기계,
롯데케미칼,11170,"폴리프로필렌,고밀도폴리에틸렌,에틸렌글리콜,벤젠,에틸렌옥사이드,합성지,부산물 제조",http://www.lottechem.com,화학,석유화학,롯데
세아베스틸,1430,"특수강,철도용품,자동차부품 제조,수출입",http://www.seahbesteel.co.kr,철강,철강 주요종목,세아
호텔신라,8770,"면세판매,관광숙박,외식사업,예식업",http://www.hotelshilla.net,"호텔,레스토랑,레저",소매유통,삼성
태경비케이,14580,"생석회,소석회,석회비료 제조,판매/비금속광물 광업/산업폐기물 재생처리/휴게소 운영",http://www.bkmp.co.kr,비철금속,비료,
화승코퍼레이션,13520,"자동차용 고무제품(제조저압호스,고압호스,산업용고무호스,,WEATHER STIRP,고무판,콘베어벨트) 제조,판매,수출입",http://www.hsrna.com,자동차부품,자동차부품,
신흥,4080,"치과용기자재(방사선장치,전기진단장치),주사침 도소매,제조/부동산 임대",http://www.shinhung.co.kr,건강관리장비와용품,고령화 사회(노인복지),
화승인더스트리,6060,"포장용 합성수지 제조/신발,필름 판매/부동산 임대",http://www.hsi.co.kr,,,
극동유화,14530,"윤활유,유동파라핀,왁스,방수용시트,아스팔트 제조/수입자동차,부품 도매/가스충전,산업설비 청소",http://www.kdoc.co.kr,석유와가스,아스콘(아스팔트 콘크리트),
고려산업,2140,"배합사료,플라스틱용기 제조/부동산 임대",http://www.hafeed.co.kr,식품,사료,
대현,16090,"여성의류 및 악세사리류 제조,도매,유통(백화점)",http://www.daehyun.co.kr,"섬유,의류,신발,호화품",패션/의류,
케이비아이동국실업,1620,"자동차부품(에어닥트,글로벌박스,노즐,어셈블리류,핸들류) 제조,판매/공장 임대",http://www.dongkook-ind.co.kr,자동차부품,자동차부품,
광명전기,17040,"수배전반,가스절연개폐장치,빌딩자동화시스템,중앙감시반,자동제어반 제조,도소매,무역",http://www.kmec.co.kr,전기장비,태양광에너지,
부산산업,11390,"레미콘 제조,판매",http://www.busanind.co.kr,건축자재,시멘트/레미콘,
STX,11810,"에너지 원료(석탄,석유),산업기자재(기계부품) 도매",http://www.stx.co.kr,무역회사와판매업체,,
고려아연,10130,"연,아연괴 제조,판매",http://www.koreazinc.co.kr,비철금속,비철금속,영풍
센트럴인사이트,12600,"금융단말기(현금자동입출금기,온라인단말기),통신기기 제조,판매",http://www.chunghocomnet.com,컴퓨터와주변기기,화폐/금융자동화기기(디지털화폐 등),
팜젠사이언스,4720,의약품 외,http://www.pharmgenscience.com,제약,코로나19(진단키트),
무림페이퍼,9200,"지류,아트지,백상지 제조",http://www.moorim.co.kr,종이와목재,제지,
현대차증권,1500,"유가증권의매매,위탁매매,유가증권의 중개,대리/부동산 임대",http://hmsec.com,증권,증권,현대자동차
금비,8870,"유리제품(주류병) 제조/화장품 도소매,수입(병제조기기)",http://www.e-kumbi.co.kr,포장재,,
대동전자,8110,"통신음향,전자기계기구용 플라스틱제품 제조,도매",http://www.daidong.com,전자장비와기기,,
원림,5820,"고무,플라스틱제품,산업용포장재,PP.BAG,타포린 제조,도매/부동산 임대/주택 신축,판매/인터넷 정보통신/벤처회사 투자",http://www.wonlim.co.kr,포장재,,
서흥,8490,"의약품(하드캅셀,건강보조식품,소프트캅셀),건강보조식품,인삼제품 제조,판매",http://www.suheung.com,생명과학도구및서비스,건강기능식품,
성문전자,14910,"콘덴서용 증착필름,압력분무식 플러스자동도포기 제조,판매",http://www.smec-korea.co.kr,전기제품,수소차(연료전지/부품/충전소 등),
넥스트사이언스,3580,"무연탄채굴,원유,유전개발,가스전 개발/부동산 임대",http://www.dongwoncorp.com,건축자재,화장품,
일진홀딩스,15860,"전기산업용기기(개폐기,차단기,배전반),자동화시스템,자동차엔진부품,절연전선,금구류,고압선,저압선 제조,판매/전기공사,가스절연차단기",http://www.iljin.co.kr,전기장비,치매,
대영포장,14160,"골판지원단,골판지상자 제조",http://www.dypc.co.kr,포장재,골판지 제조,
영화금속,12280,"자동차부품,건축자재(관이음쇠) 제조,판매",http://www.yeonghwa.co.kr,자동차부품,자동차부품,
신풍제약,19170,"의약품(항생제,혈전용해제,향정신성약품,구충제) 제조,판매",http://www.shinpoong.co.kr,제약,구충제(펜벤다졸 등),
동성제약,2210,"의약품,화장품 제조,도매",http://dongsung-pharm.co.kr,제약,제약업체,
아센디오,12170,석탄(점결탄) 판매,http://ascendio.co.kr,방송과엔터테인먼트,엔터테인먼트,
한올바이오파마,9420,"의약품 제조,도매/부동산 임대",http://www.hanall.co.kr,제약,메르스 코로나 바이러스,
유니켐,11330,"피혁 제조,도매,무역,부동산임대",http://www.uni-chem.net,"섬유,의류,신발,호화품",,
대창,12800,"황동봉,동합금괴 제조,판매",http://www.brassone.com,비철금속,비철금속,
국보,1140,"화물자동차운송,콘테이너운송,수출입화물보관,도로운송,CY보관,하역",http://www.kukbo.com,항공화물운송과물류,마스크,
일성건설,13360,"건축공사,토목공사,전기공사",http://www.ilsungconst.co.kr,건설,건설 중소형,
까뮤이앤씨,13700,"토목공사,건축공사/부동산 임대",http://www.camusenc.com,건설,건설 중소형,
보락,2760,"식품향료,식품첨가물,화학제품,껌베이스(자일리톨,에리스리톨),담배향료 제조,판매",http://www.bolak.co.kr,식품,,
선도전기,7610,"수배전반,중전기기 제조,도매/전기공사",http://www.seondo.co.kr,전기장비,철도,
씨아이테크,4920,"컴퓨터 소프트웨어,하드웨어 서버,도매",http://www.citech.kr,컴퓨터와주변기기,키오스크(KIOSK),
광동제약,9290,"의약품,식음료 제조,도매",http://www.ekdp.com,제약,"백신/진단시약/방역(신종플루, AI 등)",
갤럭시아에스엠,11420,"스포츠중계권,스포츠마케팅,광고",http://galaxiasme.com,방송과엔터테인먼트,엔터테인먼트,효성
남성,4270,"수출입(카오디오)/통신기기 제조,판매/이동통신,유선방송,정보통신/생활필수품,식품 판매/부동산 임대",http://www.namsung.com,전자장비와기기,,
KISCO홀딩스,1940,지주사업,http://www.kiscoholdings.co.kr,철강,지주사,
태영건설,9410,"종합건설업(토목공사,도로공사,건축공사,관급공사,환경공사,상하수도공사,하수종말처리공사)/부동산 임대,매매",http://www.taeyoung.com,건설,건설 중소형,태영
한국특강,7280,"철강압연제품(앵글,이형형강,평철,환봉) 제조,판매",http://www.ekosco.com,철강,철강 중소형,유진
한솔로지스틱스,9180,"지류펄프 보관창고 운영/화물취급,화물운송알선,물류컨설팅/종합쇼핑몰운영,통신판매,인터넷백화점",http://www.hansollogistics.com,항공화물운송과물류,종합 물류,
삼양통상,2170,"피혁원단,혁제운동화,혁제장갑,혁제스포츠용품 제조,상품중개,무역",http://www.samyangts.com,"섬유,의류,신발,호화품",,GS
SK텔레콤,17670,"이동전화,무선호출서비스,부가통신",http://www.sktelecom.com,무선통신서비스,모바일콘텐츠(스마트폰/태블릿PC),SK
진양폴리우레탄,10640,"폴리우레탄,폴리우레탄스폰지 제조,판매",http://www.chinyangpoly.kr,,,
미창석유공업,3650,"윤활유,고무배합유,전기절연유 제조,판매,수출입",http://www.michang.co.kr,,,
삼익THK,4380,"직선운동시스템,메카트로시스템,기타정밀 자동화기기 제조,판매/전자상거래,인터넷 관련 s/w,h/w 개발,판매,유지보수",http://www.samickthk.co.kr,기계,스마트팩토리(스마트공장),
미원상사,2840,"계면활성제,분황,황산,도료첨가제,프라스틱첨가제 제조",http://www.mwc.co.kr,화학,화장품,
서연,7860,"자동차부품(승용차내장품-도어트림,헤드라이닝,승용차시트) 제조,도매",http://www.seo-yon.com,자동차부품,지주사,
세우글로벌,13000,"화공약품.엔지니어링 플라스틱,페놀계제품,석유화학제품 판매/철재가구,사무목재가구 제조/교육사업",http://www.sewoo21.co.kr,판매업체,,
현대모비스,12330,"자동차A/S용 부품,컨테이너,특수중기,산업기계제품 생산,판매,부품모듈화,부품수출사업,환경/플랜트사업,특수중기부문(컨테이너)",http://www.mobis.co.kr,자동차부품,자동차 대표주,현대자동차
쎌마테라퓨틱스,15540,상품권유통,http://www.thelma.co.kr,판매업체,코로나19(진단/치료제/백신 개발 등),
KG케미칼,1390,"콘크리트혼화제, 비료, 친환경농자재, 수처리제",http://www.kgchem.co.kr,화학,비료,KG
대우부품,9320,"전해콘덴서,복합부품,전자튜너 제조",http://www.dwecc.com,자동차부품,수소차(연료전지/부품/충전소 등),
현대해상,1450,손해보험(자동차보험),http://www.hi.co.kr,손해보험,손해보험,
현대그린푸드,5440,"백화점,여행알선,숙박,음식점/부동산 임대",http://www.hyundaigreenfood.com,식품과기본식료품소매,음식료업종,현대백화점
한국전력공사,15760,"전력자원개발,발전,송전,전력용기자재확보",http://www.kepco.co.kr,,,
국도화학,7690,"에폭시수지,폴리아마이드수지,아염소산소다 제조,도소매",http://www.kukdo.com,화학,,
녹십자,6280,"알부민외 제조,판매",http://www.greencross.com,제약,코로나19(진단/치료제/백신 개발 등),
SIMPAC,9160,"프레스,자동화장치,자동차부품 제조,도매",http://www.simpac.co.kr,기계,공작기계,
윌비스,8600,"스웨터,니트,셔츠 도매,제조/컴퓨터주변기기 무역,오파,임대",http://www.willbes.com,"섬유,의류,신발,호화품",일자리(취업),
대창단조,15230,"자동차,중장비 부품(크랭크샤프트,트랙링크조립체,커넥팅로드,중장비롤러류),기어,동력전달장치,단조가공품,단조품 제조",http://www.dcf.co.kr,기계,건설기계,
사조산업,7160,"원양어업(참치,명태,오징어),육가공,참치통조림,장류 제조/냉동냉장 창고운영/부동산 임대/컴퓨터,소프트웨어 개발,도매/팝콘,구운김 도매",http://www.sajo.co.kr,식품,구제역/광우병 수혜,
한익스프레스,14130,"특수화물 운송(유류,화학류,벌크제품 등),냉동차,탱크로리운송,복합운송 주선,임대,택배/특장차,중기 제조,판매",http://www.hanex.co.kr,항공화물운송과물류,조림사업,
사조동아원,8040,"제분, 배합사료 제조",http://www.dongaone.com,식품,음식료업종,
경인전자,9140,"스위치,리모콘,배선기구,섬머스타트,게임기,전자부품 제조,판매",http://www.kie.co.kr,전자제품,,
무림P&P,9580,"표백화학펄프(B.K.P) 제조,목재가공,조림사업",http://www.moorimpnp.co.kr,종이와목재,제지,
인디에프,14990,"여성의류,남성의류,캐쥬얼웨어 제조",http://www.inthef.co.kr,"섬유,의류,신발,호화품",남북경협,
한솔피엔에스,10420,"정보시스템구축 및 유지보수, 포장재제조 및 가공, 지류가공 및 판매",http://www.hansolpns.com,,,
디와이,13570,"자동차부품,유공압기기,소각로,자동세차기,하훼유통,발효기,모터 제조",http://www.dy.co.kr,기계,수소차(연료전지/부품/충전소 등),
방림,3610,"P/C혼방직물,면방적,각종사류,직물류 제조,도소매",http://www.pangrim.com,"섬유,의류,신발,호화품",,
큐로,15590,"열교환기,압력용기,저장탱크,산업용보일러 제조",http://www.curo.co.kr,기계,,
한솔케미칼,14680,"과산화수소,라텍스,요소수지,수소액화탄산,차아황산소다 제조,판매,디지털카메라용 인화필름 제조,수출",http://www.hansolchemical.com,화학,OLED(유기 발광 다이오드),
퍼스텍,10820,"방위산업제품,프린터,불소화합물,자동차용 매트 제조/얼굴인식시스템 개발",http://www.firsteccom.co.kr,우주항공과국방,바이오인식(생체인식),
동원산업,6040,"원양어업,수산물가공(참치캔,맛김,어묵,맛살),도소매/음료사업(상쾌한아침)",http://www.dw.co.kr,식품,구제역/광우병 수혜,동원
대덕,8060,"산업용 인쇄회로기판,다층 인쇄회로기판,빌드업기판,반도체패키지기판,메모리모듈기판 제조",http://www.daeduckholdings.com,기타금융,PCB(FPCB 등),
한성기업,3680,"냉동식품,햄제품 제조,도매,보관/원양어업",http://www.hsep.com,식품,구제역/광우병 수혜,
이스타코,15020,부동산 분양/입시학원 운영,http://www.e-starco.co.kr,방송과엔터테인먼트,,
태림포장,11280,"골판지,골판지상자,수출용박스 제조,도매/인쇄",http://www.tailim.com,포장재,골판지 제조,
아세아제지,2310,"골판지원지,석고보드원지,크라프트원지,라이나원지,라이너지 제조,판매",http://www.asiapaper.co.kr,포장재,제지,
화천기계,10660,"선반,밀링,연삭기,CNC선반,CNC밀링,머시닝센타 제조,판매/자동차부품(실린더블럭) 제조",http://www.hwacheon.co.kr,기계,자동차부품,
CJ씨푸드,11150,"수산물(어묵,맛살)가공품 도매,원양수산업,수출입",http://www.cjseafood.net,식품,구제역/광우병 수혜,CJ
신화실업,1770,"석도강판,표면처리강판 제조,임가공,판매",http://www.shinhwatp.com,철강,철강 중소형,
조일알미늄,18470,"알루미늄판 제조,도매",http://www.choilal.co.kr,비철금속,비철금속,
에스엘,5850,"자동차부품(자동차램프류,샤시와조향기기,케스터홀더) 제조",http://www.slworld.com,자동차부품,자동차부품,
영원무역홀딩스,9970,"스포츠의류(등산복,운동복,스키복) 도소매,수출,섬유봉제",,"섬유,의류,신발,호화품",지주사,
더존비즈온,12510,응용 소프트웨어 개발 및 공급업,http://www.douzone.com,소프트웨어,K-뉴딜지수,
보령제약,3850,"의약품(제산제(겔포스),구심,용각산,고혈압치료제(카프릴),소염진통제(멘소레담),항생제(듀리세프),혈전치료제(아스트릭스)) 제조",http://www.boryung.co.kr,제약,"백신/진단시약/방역(신종플루, AI 등)",
폴루스바이오팜,7630,"정밀전자계측기,이동통신장비,무선호출기,파형관측기,인공위성수신기 제조",http://polusbiopharm.com,화장품,,
이건산업,8250,"컨테이너용합판,목재 파렛트,프레스우드 파렛트,가공목재,제재목 제조/부동산 임대",http://www.eagon.com,건축자재,리모델링/인테리어,
모나리자,12690,"화장지,미용티슈 제조,도매",http://www.monarisa.co.kr,가정용품,마스크,
대구백화점,6370,"백화점운영,임대사업(백화점 코너)",http://www.debec.co.kr,백화점과일반상점,소매유통,
우성사료,6980,"배합사료,Suit-feed(맞춤 TMR(육성우,건유우,착유우) 사료),농후사료,곡류(강피류 등 부산물) 제조,판매/부동산 임대,무역",http://www.woosungfeed.co.kr,식품,구제역/광우병 수혜,
유성기업,2920,"철도차량부품(피스턴링,실린더라이너,발브가이드,타펫트),자동차부품,주강,주물 제조,판매",http://www.ypr.co.kr,자동차부품,자동차부품,
한일철강,2220,"강관류,철판류,금속관류,건축자재,자동차부품 제조,도매",http://www.hanilsteel.co.kr,철강,철강 중소형,
삼익악기,2450,"피아노,기타,현악기,전자악기,동 부분품 제조,임대,도매",http://www.samick.co.kr,레저용장비와제품,엔젤산업,
화성산업,2460,아파트 건설,http://www.hwasung.com,건설,건설 중소형,
디티알오토모티브,7340,자동차용 밧데리,http://www.x-probattery.co.kr,자동차부품,자동차부품,
보해양조,890,"주류(소주,매취,실비우스,위스키) 제조,음료 도매",http://www.bohae.co.kr,음료,"주류업(주정, 에탄올 등)",
상상인증권,1290,유가증권 매매,http://www.sangsanginib.com,증권,증권,
혜인,3010,"건설기계,산업용 기계장비(진공흡인차,세정차),스테거크레인,비상용발전기,해상용엔진 도소매/창고",http://www.haein.com,기계,건설기계,
금강공업,14280,"건설가설재,강관,거푸집 제조,판매",http://www.kumkangkind.com,건축제품,강관업체(Steel pipe),
엔케이물산,9810,유연성 산업용 포장재(FIBC) 제조 판매,http://nk-ms.com,방송과엔터테인먼트,자원개발,
율촌화학,8730,"연포장재,필름,골판지상자,합성수지,플라스틱일반성형제품 제조",http://www.youlchon.com,포장재,골판지 제조,
신원,9270,"여성,남성의류,스웨터,의복관련 악세사리,사카린,망초 제조,판매,수출입/섬유의류 도매/신용카드업/의류전문 물류대행 및 임대사업",http://www.sw.co.kr,"섬유,의류,신발,호화품",남북경협,
동방,4140,"육상운송,해상운송,항만화물하역,보관,창고,물류사업",http://www.dongbang.co.kr,항공화물운송과물류,쿠팡 관련주,
한국쉘석유,2960,"윤활유,그리스 제조,도매",http://www.shell.co.kr,석유와가스,,
부광약품,3000,"의약품,치약,의약부외품(부광탁스,레가론,부광안티프라그) 제조",http://www.bukwang.co.kr,제약,코로나19(진단/치료제/백신 개발 등),
풍산홀딩스,5810,"동판제,대,관,봉,선,소전,동파이프 제조,도매,무역",http://www.poongsan.co.kr,비철금속,비철금속,
부국증권,1270,"유가증권 매매,위탁매매,인수,주선",http://www.bookook.co.kr,증권,증권,
계양전기,12200,"전동공구(그라인더,드릴,커팅머신 등), 엔진, 자동차용 모터 제조",http://www.keyang.co.kr,자동차부품,자동차부품,
한솔테크닉스,4710,"백라이트유닛,인버터,폴리바리콘,모니터,통신장비 제조",http://www.hansoltechnics.com,디스플레이장비및부품,LCD BLU제조,
DB금융투자,16610,"유가증권,위탁매매,인수,자기매매",http://db-fi.com,증권,증권,DB
한미사이언스,8930,"항생제(세포탁심,세포트리악손),유산균정장제(메디락비타,메디락베베),위장관운동조절개선제(설프라이드),고혈압치료제(유니바스크),원료의약품,식품 제조,판매",http://www.hanmiscience.co.kr,제약,K-뉴딜지수,
삼진제약,5500,"의약품(게보린,세트라졸,염산나록손) 제조,판매,수출입,약초재배",http://www.samjinpharm.co.kr,제약,메르스 코로나 바이러스,
포스코,5490,"열연코일,냉연강판,후판,선재,스테인리스 제조",http://www.posco.co.kr,,,
범양건영,2410,"토목공사,주택건설,건축공사,난방공사,전기공사,포장공사",http://www.iby.co.kr,건설,건설 중소형,
파미셀,5690,"줄기세포치료제,화장품",http://www.pharmicell.com,화학,코로나19(진단키트),
동국제강,1230,"후판,철근,강판,형강,앵글,찬넬,평철 제조,판매",http://www.dongkuk.co.kr,철강,철강 주요종목,동국제강
대원전선,6340,"전선,통신케이블,무선통신장비,합성수지 제조,도매/부동산 매매,임대",http://www.daewoncable.co.kr,전기장비,전선,
이수화학,5950,"등유,알킬벤젠,윤활유,노말파라핀 제조,도매",http://www.isuchemical.co.kr,화학,코로나19(화이자),
삼성증권,16360,"유가증권의 매매,위탁매매,인수주선",http://www.samsungpop.com,증권,증권,삼성
삼영무역,2810,"화공약품, 안경렌즈",http://www.samyung.co.kr,화학,,
한양증권,1750,증권업,http://www.hygood.co.kr,증권,증권,
금호석유화학,11780,"합성고무 SBR(스티렌부타디엔러버),BR(폴리부타디엔러버),합성수지,BD,라텍스 제조,도소매",http://www.kkpc.com,,,
유안타증권,3470,"유가증권 매매,중개,대리,인수",http://www.yuantakorea.com,증권,증권,
제일파마홀딩스,2620,"의약품(타리비드,제일파프,노엘,푸라솔) 제조,도매",http://www.jeilpharm.co.kr,제약,코로나19(나파모스타트),
에이엔피,15260,"전자부품(인쇄회로기판),무정전 전원공급장치 제조",http://anpcb.co.kr,전자장비와기기,PCB(FPCB 등),
한창제지,9460,"마닐라판지,고급백판지(ALL PULP) 제조,판매,수출입",http://www.hcpaper.co.kr,포장재,제지,
넥센,5720,"자동차용 재생타이어튜브,솔리드타이어,고무부품,골프볼,와이어로프소재,특수강선,열처리도금선,건자재 제조,판매,수출입",http://www.nexencorp.co.kr,자동차부품,타이어,
삼성공조,6660,"자동차부품(라디에터,오일쿨러,인터쿨러) 제조,판매",http://www.samsungcc.co.kr,자동차부품,자동차부품,
세방전지,4490,"자동차용 및 산업용 축전지(연축전지) 제조,판매",http://www.gbattery.com,자동차부품,전력저장장치(ESS),
진원생명과학,11000,"의류용심지(인터론),가공직물(패브론) 제조,도소매",http://www.genels.com,생물공학,코로나19(진단/치료제/백신 개발 등),
참엔지니어링,9310,FPD Laser Repair 장비 등 (FPD 장비의 개발과 제조 및 판매),http://www.charmeng.com,디스플레이장비및부품,OLED(유기 발광 다이오드),
한국프랜지공업,10100,"자동차부품(제동,구동장치),프랜지(관이음쇠),철구조물,산업기계 제조",http://www.kofco.com,,,
코스모신소재,5070,"이차전지양극활물질,기능성필름",http://www.cosmoamt.com,화학,전기차,GS
덕성,4830,"플라스틱레쟈,합성수지,합성피혁 제조,도매",http://www.duksung21.com,"섬유,의류,신발,호화품",,
신영증권,1720,증권업,http://www.shinyoung.com,증권,증권,
유진증권,1200,"유가증권 매매,중개,인수",http://www.eugenefn.com,,,
유화증권,3460,증권업,http://www.yhs.co.kr,증권,증권,
한신기계공업,11700,"공기압축기,공구류 제조,판매/오파",http://www.hanshin.co.kr,,,
코스모화학,5420,"이산화티타늄 및 부산물, 황산코발트 및 부산물",http://www.cosmochem.co.kr,화학,2차전지,GS
가온전선,500,"전력선,통신케이블 제조,도매,수출입",http://www.gaoncable.com,전기장비,전선,LS
S-Oil,10950,"석유제품,가스,윤활기유,윤활유,그리스,석유화학제품 제조,도매",http://www.s-oil.com,석유와가스,정유,
한화에어로스페이스,12450,"항공기엔진,특수방산장비 제조/정비사업",http://www.hanwhaaerospace.co.kr/,우주항공과국방,CCTV＆DVR,한화
삼화전자공업,11230,"전자부품(페라이트 코어,SMPS,편향요크(DY),고압변성기(FBT)용코어) 제조,판매",http://www.samwha.co.kr,,,
현대제철,4020,"H형강,제철,제강,철근,압연,스테인레스,주강,시트파일 제조,수출입,중기부품(탱크바퀴)제조,판매",http://www.hyundai-steel.com,철강,철강 주요종목,현대자동차
써니전자,4770,"수정진동자,수정발진기,초음파지연선,MCF,축수나사 제조,도매,수출입",http://www.sunny.co.kr,전자장비와기기,,
현대비앤지스틸,4560,"스텐레스냉연강판,특수강 제조",http://www.hyundai-bngsteel.com,비철금속,비철금속,현대자동차
사조오양,6090,"원양어업/수산물가공(게맛살) 제조,수출입/냉동 및 냉장보관/부동산 임대",http://www.sajooy.com,식품,구제역/광우병 수혜,
한화투자증권,3530,"유가증권 위탁매매,자기매매,인수주선",http://www.koreastock.co.kr,증권,두나무 관련주,한화
삼화전기,9470,"콘덴서 제조,판매",http://www.samwha.co.kr,전기제품,전력저장장치(ESS),
SK증권,1510,"증권업,부동산 임대",http://www.sks.co.kr,증권,증권,SK
평화홀딩스,10770,지주회사,http://www.phhc.co.kr,자동차부품,수소차(연료전지/부품/충전소 등),
일신석재,7110,"건축석 제조,도소매/석공예,석공사",http://www.ilshinstone.co.kr,건축자재,남북경협,
KG동부제철,16380,"철강재(냉연강판,아연도강판,칼라강판,석도강판,선재류,강관,형강,봉강),비철금속 제조,도매",http://www.kgdongbusteel.co.kr,철강,철강 주요종목,KG
아이에스동서,10780,"타일,위생도기,콘크리트파일,P.C관,침목 제조,도매",http://www.isdongseo.co.kr,건설,리모델링/인테리어,
SH에너지화학,2360,"합성수지(PS/EPS,ABS수지) 제조",http://www.sh-enerchem.com,화학,셰일가스(Shale Gas),
대한화섬,3830,"화학섬유원사(FY,PTY,S.FIBER)제조",http://www.daehansf.co.kr,화학,화학섬유,태광
코리아써키트,7810,"인쇄회로기판,Module 제조/부동산(건물) 임대",http://www.kcg.co.kr,전자장비와기기,PCB(FPCB 등),영풍
신세계,4170,"백화점,할인점(E마트)",http://www.shinsegae.com,백화점과일반상점,소매유통,신세계
OCI,10060,"타르제품,카본블랙,무수프탈산,농약원제,석탄화학제품,정밀화학제품,플라스틱창호재 제조,판매",http://www.oci.co.kr,화학,태양광에너지,OCI
삼일제약,520,"양약(부루펜,액티피드,포리부틴) 제조,도매",http://www.samil-pharm.com,제약,제약업체,
인스코비,6490,"시계,스마트그리드,도소매,소프트웨어개발",http://www.inscobee.com,다각화된통신서비스,스마트그리드(지능형전력망),
일성신약,3120,"의약품(항생제,화학료법제,항바이러스,근이완제,영양액륜) 제조,판매",http://www.ilsung-ph.co.kr,제약,코로나19(카모스타트),
현대건설,720,"공사수입,주택분양,건설산업부문 설계,감리 등 엔지니어링서비스",http://www.hdec.kr,건설,건설 대표주,현대자동차
TCC스틸,2710,"석도강판,표면처리강판 제조,판매",http://www.tccsteel.com,철강,2차전지,
에이프로젠제약,3060,"의약품(항생제,영양수액제,드링크제,철결핍성빈혈예방치료제,경옥동충하초) 제조,판매",http://www.aprogen-pharm.com,제약,메르스 코로나 바이러스,
F&F,7700,"스포츠웨어(골프웨어) 제조/도서출판(단행본,유아/아동전집류(아인슈타인시리즈),잡지)/이천고속도로휴게소/문구사무용품,수입의류 판매,소매",http://www.fnf.co.kr,"섬유,의류,신발,호화품",패션/의류,
아남전자,8700,"칼라TV,오디오,비디오 제조,도매",http://www.aname.co.kr,전자제품,,
현대미포조선,10620,"선박수리,선박개조,선박신조",http://www.hmd.co.kr,조선,LNG(액화천연가스),현대중공업
GS건설,6360,"토목공사,건축공사,주택공사,산업플랜트공사,리모델링공사,시설물유지관리공사/산업설비설계,감리 용역,수출입/에너지관리 진단,연구개발",http://www.gsconst.co.kr/,건설,건설 대표주,GS
삼아알미늄,6110,"알루미늄박지,은박지,은박가공품,알페이스트 제조,도매,수출",http://www.sama-al.com,비철금속,비철금속,
한국전자홀딩스,6200,"시장조사,경영컨설팅",http://www.kecholdings.co.kr,반도체와반도체장비,쿠팡 관련주,
삼성SDI,6400,"2차전지, 전자재료 제조 판매",http://www.samsungsdi.co.kr,전기제품,2차전지(생산),삼성
삼성전기,9150,"영상,음향,통신장비,모듈,다층인쇄회로기판,적층세라믹콘덴서,고주파필터,전압제어발진기,온도보상형수정발진기,칩인덕터,디지털위성방송수신기,광픽업,편향코일",http://www.sem.samsung.co.kr,전자장비와기기,폴더블폰,삼성
동부건설,5960,"건축공사,토목공사,전기공사,기계설비공사/비금속,철구조물 제조,판매/여객,자동차 운송,항만하역",http://dbcon.dongbu.co.kr,건설,건설 중소형,
케이씨티시,9070,"화물자동차운송,항만하역,창고보관,컨테이너조작,중량물해상운송",http://www.kctc.co.kr,,,
코오롱글로벌,3070,"토목공사,일반건설,주택건설,해외건설,소각로설비공사/환경플랜트,폐처리기 제조",http://www.kolonglobal.com,건설,건설 중소형,코오롱
빙그레,5180,"아이스크림,우유,스낵,유산균(욥닥터캡슐) 제조",http://www.bing.co.kr,식품,여름,
녹십자홀딩스,5250,"알부민,유로키나제,간염백신,유행성출혈열백신 제조",http://www.greencross.com,제약,"백신/진단시약/방역(신종플루, AI 등)",
조선내화,480,"내화연와(정형,부정형,S/N,CCN),단열벽돌,스라이딩노즐,연주용 특수내화물 제조",http://www.chosunref.co.kr,비철금속,,
현대약품,4310,"타코실, 마이녹실, 테놀민, 미에로화이바 등",http://www.hyundaipharm.co.kr,제약,치매,
남양유업,3920,"시유,조제분유,발효유,이유밀,치즈,프렌치까페 제조,도매",http://www.namyangi.com,식품,엔젤산업,
남선알미늄,8350,알미늄샷시 제조/환경사업,http://www.namsun.co.kr,비철금속,비철금속,SM
한국화장품제조,3350,"화장품(OEM,ODM)",http://www.hkcosm.com,화장품,화장품,
DL건설,1880,"도로건설공사,토목공사,건축공사,조경공사/부동산 임대,매매",http://www.dlconstruction.co.kr,건설,건설 중소형,대림
현대코퍼레이션,11760,"자동차,철강,기계,선박,플랜트,컴퓨터,전자제품 수출,수출입대행/자원(탄광,유전) 개발",http://www.hyundaicorp.co.kr,무역회사와판매업체,자원개발,현대중공업
LS,6260,"전력용전선,일반전선,통신케이블,동선,알루미늄선,공조기,프라스틱사출성형기 제조,도매",http://www.lsholdings.co.kr,전기장비,무선충전기술,LS
SK네트웍스,1740,"종합무역업(전자전기제품,섬유,에너지화학제품,철강금속제품),의류,수입산합판,MDF판매,정보통신사업,에너지유통사업",http://www.sknetworks.co.kr,복합기업,자원개발,SK
경농,2100,"완제농약(잡초약,살충제,살균제) 제조",http://www.knco.co.kr,화학,남북경협,
티웨이홀딩스,4870,"레미콘,콘크리트파일,완구 제조/미니어쳐테마파크 운영",http://www.twayholdings.com,항공사,항공/저가 항공사(LCC),
동방아그로,7590,"농약(잡초발생전 토양처리형 밭잡초약,부메랑,주움,그라목손) 제조,도매",http://www.dongbangagro.co.kr,화학,태풍 및 장마,
송원산업,4430,"폴리머첨가제(PVC안정제,산화방지제),폴리우레탄수지,프라스틱첨가제 제조",http://www.songwon.com,화학,日 수출 규제(국산화 등),
진흥기업,2780,"아파트건설,토목공사,건축공사,국내도급공사",http://www.chinhung.co.kr,건설,건설 중소형,효성
한국석유공업,4090,"석유류제품(솔벤트,부로운아스팔트,방수시트몰터프라스,메타놀,빙초산) 제조,도소매/부동산 임대",http://www.koreapetroleum.com,,,
천일고속,650,"고속버스운수(경부선,44개 노선),도로여객운수업,운수창고업,유류판매,부동산 임대",http://www.chunilexpress.com,도로와철도운송,,
대원강업,430,"차량용스프링,기계부속,시트,타이어체인,합성수지제품,철도용스파이크 제조,도매",http://www.dwku.com,자동차부품,수소차(연료전지/부품/충전소 등),
만호제강,1080,"와이어로프,합성섬유로프,특수강선 제조,수출,임대",http://www.manhorope.com,철강,철강 중소형,
조광피혁,4700,"가죽(피혁원단,제화용원단,카시트용원단),가방,신발 제조,도매",http://www.chokwang.co.kr,"섬유,의류,신발,호화품",,
세방,4360,"도로운송,항만하역,창고,지게차 임대",http://www.sebang.com,항공화물운송과물류,종합 물류,
동양철관,8970,"수도용 도복장 강관,주물(강관말뚝),가스관 제조/아파트건설",http://www.dysp.co.kr,철강,철강 중소형,
대유에이텍,2880,자동차부품(자동차용 시트)제조,http://www.dayouat.co.kr,자동차부품,조림사업,
남광토건,1260,"토목공사,건축공사,기전공사,측량설계시공,용역/철구조물 제조",http://www.namkwang.co.kr,건설,건설 중소형,
삼영전자공업,5680,"전자부품(알루미늄 전해콘덴서),전기이중층콘덴서,센서 제조,도매",http://www.samyoung.co.kr,,,
신영와코루,5800,"여성용 내의류(화운데이션,란제리,블래지어),환자,노령자용 파자마,남성용 내의류 제조",http://www.shinyoungwacoal.co.kr/,"섬유,의류,신발,호화품",패션/의류,
오리엔트바이오,2630,의약품 제조,http://www.orient.co.kr,생물공학,메르스 코로나 바이러스,
조비,1550,"복합비료(연초용,수도용,시판용,특수작물용),양액재배용 비료,완효성 비료,부직포 제조,무역",http://www.chobi.co.kr,화학,남북경협,
한국공항,5430,"항공기 지상조업,항공화물 상하역,장비대여,항공용역사업,항공기급유,항공화물 취급,보관,부정기헬기운송,여행알선,광업,먹는샘물 제조,농축산업",http://www.kas.co.kr,운송인프라,,한진
조광페인트,4910,"도료(우레탄,에나멜,락카,특수도료) 제조,도매",http://www.chokwangpaint.co.kr,건축자재,페인트,
삼천리,4690,도시가스 공급/부동산 임대,http://www.samchully.co.kr,가스유틸리티,겨울,삼천리
성보화학,3080,"완제농약(해비치과립,카스텔란),원제농약(슈퍼유나니,다이아톤) 제조,도매",http://www.sbcc.kr,화학,농업,
조흥,2600,"휘핑크림,인스턴트이스트,프루츠칵테일,크림치즈,견과류,건조과일 제조,판매/주택 신축,판매",http://www.choheung.co.kr,식품,음식료업종,
금양,1570,"발포제,사카린,OPTSA,베나졸,TCA 제조",http://www.kyc.co.kr,화학,2차전지,
사조대림,3960,"게맛살,어육연제품,식용류,배합사료 제조",http://dr.sajo.co.kr,식품,구제역/광우병 수혜,
비비안,2070,"여성내의류(스타킹,화운데이숀,란제리),카바링사 제조,수출입/부동산 매매,임대",http://www.namyeung.co.kr,"섬유,의류,신발,호화품",메타버스(Metaverse),
SNT중공업,3570,"자동차부품(동력전달장치 등),공작기계(CNC선반 등),사출성형기 제조",http://www.hisntd.com,자동차부품,자동차부품,
한신공영,4960,"토목공사,건축공사,주택건설,유통업(백화점),문화교실,주차장",http://www.hanshinc.com,건설,건설 중소형,
농심,4370,"라면,스낵,유지 제조,도매,수출입",http://www.nongshim.com,식품,환율하락 수혜,
삼영화학공업,3720,"합성수지(BOPP,캐파시타),PPC,랩,종이상자(카톤팩) 제조",http://www.sycc.co.kr,,,
성신양회,4980,"시멘트,레미콘 제조",http://www.sungshincement.co.kr,건축자재,시멘트/레미콘,
신라교역,4970,"원양어업(참치,명태,휠레트,연육,명란,새우),어획물 판매/직물 수출",http://www.sla.co.kr,식품,구제역/광우병 수혜,
신풍제지,2870,"마닐라판지 제조,도소매",http://www.shinpoongpaper.com,포장재,제지,
종근당홀딩스,1630,"의약품(항생제,위궤양치료제,장기이식면역억제제,고지혈증치료제(로바이드)) 제조,도매",http://www.ckd-holdings.com,제약,코로나19(나파모스타트),
크라운해태홀딩스,5740,"비스켓,쵸코렛,사탕,웨이퍼 제조,도매",http://www.crown.co.kr,식품,日제품 불매운동(수혜),
한독,2390,"의약품(소화제,크라포란,라식스)제조,도매,부동산 임대",http://www.handok.co.kr,제약,의료기기,
SG글로벌,1380,"자동차시트커버(Seat Trim Cover), 면사, 면ㆍ혼방사 등의 제조 및 판매",http://www.sgglobal.co.kr,자동차부품,자동차부품,
SK디스커버리,6120,"화섬사(폴리에스테르원사(폴리에스터F,폴리에스터SF),폴리에스터직물,아세테이트),석유화학부문(TPA,DMT),섬유원료,직물,BOTTLE용CHIP,접착제,폴리우레탄 제조,",http://www.skdiscovery.com,석유와가스,지주사,SK
샘표,7540,"간장,된장,고추장 제조,가공,판매,무역",http://www.sempio.com,식품,지주사,
흥아해운,3280,외항화물운송업(케미컬탱커),http://www.heung-a.com,해운사,해운,
GS글로벌,1250,"수출입업(시멘트,철강금속,전기전자,섬유,기계화학),상품중개,광업,채석업/하수처리 서비스/부동산 임대",http://www.gsgcorp.com,무역회사와판매업체,자원개발,GS
금호건설,2990,"종합건설/여객운송,관광/부동산 임대,분양",http://www.kumhoenc.com,건설,건설 중소형,금호아시아나
삼부토건,1470,"토목공사,건축공사,포장공사,건설업,분양사업/건설자재 제조",http://www.sambu.co.kr,건설,건설 중소형,
삼화콘덴서공업,1820,콘덴서(축전기) 제조,http://www.samwha.com,,,
페이퍼코리아,1020,"제지(신문용지,중질지),합판 제조,건설,석유류 판매",http://www.papercorea.co.kr,종이와목재,제지,
동양,1520,레미콘/건설공사/산업용 송풍기,http://www.tongyanginc.co.kr,건축자재,시멘트/레미콘,유진
한화,880,"화약,화공품,자동선반류,공작기계 제조,전자교환기,건설,정보통신,종합무역/임직원 및 개인대상 교육,세미나 및 워크샵 중계,동영상광고",http://www.hanwhacorp.co.kr,생명보험,태양광에너지,한화
JW중외제약,1060,"수액제,소화기궤양치료제,항생제,항암제 제조,도매",http://www.jw-pharma.co.kr,제약,코로나19(진단/치료제/백신 개발 등),
영풍,670,"제1차 금속산업(아연괴,황산,카드뮴괴),건전지 제조,무역",http://www.ypzinc.co.kr,핸드셋,비철금속,영풍
백광산업,1340,"가성소다,합성염산 제조,판매",http://www.pkic.co.kr,화학,메르스 코로나 바이러스,
성창기업지주,180,"합판, 마루, 파티클보드, 우드칩, 포르말린 등 제조",http://www.sce.kr,종이와목재,조림사업,
한창,5110,"소화기, 통신장비 유통",http://www.hanchang.co.kr,부동산,남북경협,
삼화왕관,4450,"납세용 일반병마개,알루미늄캡,플라스틱캡 제조,판매,금속인쇄,수출",http://www.samhwa.co.kr,포장재,,
KR모터스,40,"이륜차(오토바이) 제조,도매",http://www.krmotors.com,자동차,,
고려제강,2240,"PC강선,선재 2차제품,와이어로프,비드와이어,SC(Surpass Coat) Stand,각종선재 제조,도매",http://www.kiswire.com,철강,철강 주요종목,
태양금속공업,4100,"자동차용 강력볼트,너트,전기전자제품용 나사,자전거부품,전해동박,도금도장설비 제조",http://www.taeyangmetal.com,,,
SUN&L,2820,"합판,가정용가구(선우드),MDF,제재목,하드보드 제조/부동산 임대",http://www.sunwood.co.kr,종이와목재,리모델링/인테리어,
DRB동일,4840,"고무벨트(V벨트,콘베이어벨트,평벨트),프라스틱제품 제조,판매",http://drbworld.com,자동차부품,자동차부품,
넥센타이어,2350,"타이어,후랩,고무제타이어(승용자동차용,래디알구조) 제조",http://www.nexentire.com,자동차부품,타이어,
SG세계물산,4060,"피복류,봉제품,P.E제품 수출입,도매,제조/조경사업",http://www.sgsegye.com,"섬유,의류,신발,호화품",패션/의류,
롯데정밀화학,4000,"염소·셀룰로스계열, 암모니아 계열, 전자재료 등 화학제품 제조",http://www.lottefinechem.com,화학,남북경협,롯데
동화약품,20,"의약품 제조,판매,수출입",http://www.dong-wha.co.kr,제약,제약업체,
DL,210,지주회사,http://www.dlholdings.co.kr,건설,건설 대표주,대림
LG상사,1120,"전자,기계,화공,유류.금속,의류 수출입,도소매",http://www.lgicorp.com,무역회사와판매업체,자원개발,LG
국제약품,2720,"항생제,안약,제약 제조,도매",http://www.kukjepharm.co.kr,제약,마스크,
태광산업,3240,"석유화학제품(PTA,AN),화섬사,직물 등",http://www.taekwang.co.kr,화학,석유화학,태광
부산주공,5030,"자동차부품(엔진부품,조향장치부품,브레이장치부품,오토미셧부품) 제조,도매/부동산 임대",http://www.pci21c.com,자동차부품,자동차부품,
한일현대시멘트,6390,"시멘트,시멘트반제품 제조,판매/콘도미니엄,스키장,종합레저관광산업,체육진흥사업,사업서비스",http://WWW.HANILHDCEMENT.COM,건축자재,시멘트/레미콘,
CS홀딩스,590,"브랜드 수익, 자회사 배당",http://www.chosunwelding.com,철강,지주사,
신성통상,5390,"의류,악세사리(모자,벨트,가방) 도매/의류 제조",http://www.ssts.co.kr,"섬유,의류,신발,호화품",日제품 불매운동(수혜),
DB하이텍,990,반도체 제조,http://www.dbhitek.co.kr,반도체와반도체장비,반도체 대표주(생산),DB
대림통상,6570,"수전금구,비데,위생도기,샤워부스,타일,양식기,무역",http://www.dlt.co.kr,건축제품,,
유유제약,220,"의약품 제조,판매",http://www.yuyu.co.kr,제약,치매,
강남제비스코,860,"도료(페인트,락카,신나,에나멜,바니쉬),안료 제조,판매",http://www.jevisco.com,건축자재,페인트,
대신증권,3540,"유가증권 위탁매매,인수주선,자기매매 기타 금융서비스",http://www.daishin.com,증권,증권,
NH투자증권,5940,"증권업,종합금융",http://www.nhqv.com,증권,인터넷은행,농협
미래에셋증권,6800,"유가증권매매,유가증권위탁매매,유가증권인수",http://securities.miraeasset.com,증권,증권,미래에셋
신일전자,2700,"가정용 전기기구(선풍기,난로,세탁기),전자기구,연구기구 제조,수출입",http://www.shinil.co.kr,가정용기기와용품,제습기,
삼성제약,1360,"의약품(까스명수,쓸기담,에프킬라에어졸,액체우황청심원) 제조,도매",http://www.sspharm.co.kr,제약,제약업체,
삼성화재해상보험,810,"손해보험의 원수,재보험,운용자산의 투자활동",http://www.samsungfire.com,,,
삼양식품,3230,"라면,스낵,유제품,장유,식용유,사료,향신료,건강음료(루이보스 티) 제조,도매",http://www.samyangfood.co.kr,식품,음식료업종,
한화손해보험,370,손해보험,http://www.hwgeneralins.com/,손해보험,손해보험,한화
NI스틸,8260,"스틸파이프,철강재임가공 제조,도매",http://www.hcr4u.com,철강,철강 중소형,
일동홀딩스,230,"의약품 제조,도매",http://www.ildong.com,제약,지주사,
대동,490,"경운기,트랙터,이앙기,바인더,수확기(콤바인),농업용엔진 및 부품 제조,판매",http://www.daedong.co.kr,기계,태풍 및 장마,
오리온홀딩스,1800,자회사 관리 지주사업 등,http://www.oriongroup.co.kr,식품,지주사,
깨끗한나라,4540,"펄프,판지원지,화장지 제조,수출입",http://www.kleannara.com,종이와목재,제지,
태원물산,1420,"자동차부품,워터펌프,인산정제석고,건축자재(불연내장재), 제조,수출입",http://www.twms.co.kr,자동차부품,비료,
코오롱,2020,지주회사,http://www.kolon.com,화학,두나무 관련주,코오롱
삼성전자,5930,"IMT2000 서비스용 동기식 기지국,교환국장비,데이터단말기,동영상휴대폰,핵심칩,반도체제품,사무,계산 및 회계용기계",http://www.sec.co.kr,반도체와반도체장비,IT 대표주,삼성
대유플러스,300,"유,무선 통신장비",http://www.dayouplus.co.kr,자동차부품,비철금속,
BYC,1460,"메리야스,란제리 제조,도매/건축공사/부동산 임대,분양,공급",http://home.byc.co.kr,"섬유,의류,신발,호화품",日제품 불매운동(수혜),
쌍용자동차,3620,"자동차,자동차부품,차륜,정비 제조/도소매",http://www.smotor.com,,,
쌍용씨앤이,3410,시멘트(크링카),http://www.ssangyongcement.co.kr,,,
SPC삼립,5610,"빵,아이스크림,과자,케익,유산균음료,인스턴트식품,병조림,면류,식용유 제조,판매",http://www.samlipgf.co.kr,식품,음식료업종,
흥국화재,540,손해보험,http://www.insurance.co.kr,손해보험,손해보험,태광
우리종금,10050,"종합금융,주택할부금융,부동산",http://wooriib.com,기타금융,,
일양약품,7570,"일반의약품(원비디,영비천,아진탈,디세텔,노루모산),항암제(베타-이뮤난),전문의약품 제조,판매,수출입",http://www.ilyang.co.kr,제약,코로나19(진단/치료제/백신 개발 등),
한진,2320,"포장화물,택배산업,항만하역,고속버스사업,운수보관",http://www.hanjin.co.kr,항공화물운송과물류,종합 물류,한진
한국수출포장공업,2200,"골판지상자,골판지원지 제조,판매",http://www.keppack.co.kr,,,
현대자동차,5380,"자동차(승용차,버스,트럭,특장차),자동차부품,자동차전착도료 제조,차량정비사업",http://www.hyundai.com,,,
모나미,5360,"BP153(BALL POINT PEN), P-3000(PLUS PEN), 유성매직, 보드마카, 네임펜, PARKER, WARTERMAN, 색연필",http://www.monami.com,문구류,엔젤산업,
한화솔루션,9830,"합성수지,유화부문(LDPE,LLDPE)제품 제조,플라스틱가공품(PVC),CA,무기화학제품,부동산업",http://hcc.hanwha.co.kr,화학,석유화학,한화
아세아,2030,"회사본부,지주회사 및 경영컨설팅 서비스업",http://asiaholdings.co.kr,포장재,지주사,
카프로,6380,"카프로락탐,유안비료 제조",http://www.hcccapro.co.kr,화학,비료,
롯데지주,4990,지주회사,http://www.lotte.co.kr,식품,편의점,롯데
대한방직,1070,"면사,화섬사,면직물 제조,판매,건설",http://www.thtc.co.kr,"섬유,의류,신발,호화품",,
서울식품공업,4410,"빵,스넥,마아가린,유지류,사료 제조,도매",http://seoul-food.co.kr,,,
아이에이치큐,3560,"매니지먼트, 음반, 드라마 제작, 유료방송, 프로그램 공급, 광고대행",http://www.ihq.co.kr,,,
LS네트웍스,680,"혁화,의류,등산용품 도매,제조/부동산 임대",http://www.lsnetworks.co.kr,"섬유,의류,신발,호화품",패션/의류,LS
금호전기,1210,"형광등,백열전구,전구식현광등,실드빔(차량용전조) 제조,판매",http://www.khe.co.kr,디스플레이장비및부품,LED,
하이트진로홀딩스,140,지주회사,http://www.hitejinroholdings.com,음료,"주류업(주정, 에탄올 등)",하이트진로
노루홀딩스,320,지주사업,http://www.norooholdings.co.kr,건축자재,지주사,
기아,270,"승용차,중대형버스,트럭,민수특수차량,군수차량 제조,판매,정비",http://www.kia.co.kr,자동차,자동차 대표주,현대자동차
효성,4800,"스판덱스,합성원사,나일론,폴리에스터,타이어코드지,PET병,수지제품,중전기제품(변압기,차단기),사무용기계,컴퓨터 제조/건축공사",http://www.hyosung.com,복합기업,지주사,효성
CJ,1040,지주회사,http://www.cj.net,복합기업,지주사,CJ
두산,150,"동박적층판 등 제조 및 판매, 유압기기 등 제조 및 판매, 지게차 제조 및 판매, IT 시스템 개발/운영 서비스 등, 연료전지 등",http://www.doosancorp.co.kr,복합기업,지주사,두산
휴스틸,5010,"강관(배관용,구조용,유정용) 제조,도매",http://www.husteel.com,철강,철강 중소형,
DB손해보험,5830,"자동차보험,화재보험,해상보험,특종보험,장기보험",http://www.idbins.com,손해보험,손해보험,DB
TYM,2900,"농기계,연초용필터,금속제양식기,철강압연 제조,도매,수출입/신문서적 수출입,판매",http://tym.world,기계,농업,
대웅,3090,"지주회사/의약품,화공약품,농예약품,위생용품,의료용구,식품,전기전자기구,부품 제조,판매",http://www.daewoong.com/,제약,코로나19(진단/치료제/백신 개발 등),
진양산업,3780,"합성수지,폴리우레탄스폰지 제조,도매,수출입",http://www.cyc1963.com,화학,,
영진약품,3520,"의약품(드링크제,항생제,영양수액제),의약부외품 제조,판매",http://www.yungjin.co.kr,제약,슈퍼박테리아,케이티앤지
케이씨씨,2380,"건축용단열재,내외장재,스레트,밤라이트,암면,석고보드,판유리 제조",http://www.kccworld.co.kr,,,
롯데칠성음료,5300,"청량음료,과채류음료,곡류음료,주류 제조,판매/자동차정비,연수원",http://company.lottechilsung.co.kr,,,
일신방직,3200,"면사,P/C혼방사,P/C혼방직물,화섬사 제조,수출",http://www.ilshin.co.kr,"섬유,의류,신발,호화품",,
롯데푸드,2270,"빙과,유지,식품 제조",http://www.lottefoods.co.kr,식품,여름,롯데
아모레퍼시픽그룹,2790,지주회사,http://www.apgroup.com,,,
제주은행,6220,"은행업무,외국환업무,신탁업무",http://www.e-jejubank.com,은행,은행,
한솔홀딩스,4150,"지주회사,경영자문컨설팅",http://www.hansol.com,종이와목재,골판지 제조,
벽산,7210,"단열재, 천장재, 외장재, 내장재, 외단열, 바닥재 등",http://www.byucksan.com,건축자재,리모델링/인테리어,
롯데손해보험,400,손해보험업,http://www.lotteins.co.kr,손해보험,손해보험,롯데
대한제분,1130,"소맥분,토코밀,프리믹스,밀가루조제품,제분부산물 제조/파스타 수입,판매",http://www.dhflour.co.kr,식품,환율하락 수혜,
대상,1680,"전분,라이신,물엿,과당,포도당,MSG및 사료,조미료,항생제,핵산,커피 제조,도매/토목공사,건축공사",http://www.daesang.co.kr,식품,환율하락 수혜,
LG,3550,지주회사,http://www.lg.co.kr,복합기업,블록체인,LG
동아쏘시오홀딩스,640,"의약품(피로회복제/박카스,병원용의약품),비의약품(의료기기,염모제,가글제) 제조,도소매/화장품 생산",http://www.donga.co.kr,제약,제약업체,
코리안리,3690,금융보험/부동산 임대,http://www.koreanre.co.kr,손해보험,손해보험,
한국주철관공업,970,"수도용주철관,강관 제조",http://www.kcip.co.kr,,,
한일홀딩스,3300,지주사업,http://www.hanil.com,건축자재,지주사,
엔피씨,4250,"산업용기프라스틱제품(플라스틱 파렛트,시트 파렛트) 제조,판매",http://www.npc.co.kr,,,
세아제강지주,3030,경영컨설팅업,http://www.seahsteel.co.kr/company/holdings/,철강,지주사,세아
대한전선,1440,"전력선,통신케이블,적산계기,스텐레스압연제품,광케이블,초고압선,알루미늄 제조,도매/전기공사",http://www.taihan.com,전기장비,전선,
대한제당,1790,"제당,가축용 배합사료,설탕,기능성감미료(자일로올리고당),외식산 제조,도소매/부동산 임대",http://www.ts.co.kr,식품,환율하락 수혜,
삼양홀딩스,70,"지주회사,경영자문컨설팅",http://www.samyang.com,식품,환율하락 수혜,삼양
세기상사,2420,"극장(영화상영)/극영화,만화영화 제조/음식료품,일용잡화 소매/부동산 임대",http://daehancinema.com,방송과엔터테인먼트,영화,
한국앤컴퍼니,240,비금융지주회사,http://www.hankook-technologygroup.com,자동차부품,전기차,한국타이어
전방,950,"면사,면혼방사,마혼방사,화섬사,염색사,자수사,소모사,면직물,면혼방직물,화섬직물,특수가공직물 제조,판매,수출",http://www.chonbang.co.kr,"섬유,의류,신발,호화품",,
대한항공,3490,"여객운송,화물운송,항공기 제조,판매,정비수리/기내식 제조판매,면세품 판매",http://www.koreanair.com,항공사,환율하락 수혜,한진
디아이동일,1530,"면사,화섬사,면포,혼방포,스포츠웨어용 신합섬 제조,도매,수출",http://www.dong-il.com,,,
유한양행,100,"의약품(삐콤씨,알마겔,세파졸린주사,아코텍스주사,이세파신,신생아호흡곤란치료제 등),생활용품(유한락스,비누,홈키파),식혜 도매",http://www.yuhan.co.kr,제약,"백신/진단시약/방역(신종플루, AI 등)",
CJ대한통운,120,"Contract Logistics, 포워딩, 항만하역, 해운, 택배국제특송, SCM Consulting",http://www.cjlogistics.com,항공화물운송과물류,종합 물류,CJ
메리츠화재,60,"손해보험(화재,해상,운송보험)",http://www.meritzfire.com,손해보험,손해보험,
경방,50,"섬유류(면사,면혼방사,면직물,면혼방직물,화섬사,화섬직물) 제조,도매,수출입",http://www.kyungbang.co.kr,"섬유,의류,신발,호화품",,
유수홀딩스,700,지주사업,http://www.eusu-holdings.com,항공화물운송과물류,블록체인,한진
한진중공업홀딩스,3480,지주회사,http://www.hhic-holdings.com,가스유틸리티,지주사,
